period,Germany – Motor trade and retail trade – at current prices – Turnover (DESTATIS/45212BH002/DG.WZ08-45-01.NOMINAL.UMS002),Germany – Motor trade and retail trade – at constant prices – Turnover (DESTATIS/45212BH002/DG.WZ08-45-01.REAL.UMS002),"Germany – Retail trade, except motor trade and sale of fuel – at current prices – Turnover (DESTATIS/45212BH002/DG.WZ08-47-02.NOMINAL.UMS002)","Germany – Retail trade, except motor trade and sale of fuel – at constant prices – Turnover (DESTATIS/45212BH002/DG.WZ08-47-02.REAL.UMS002)","Germany – Retail trade, except motor vehicles a. motorcycles – at current prices – Turnover (DESTATIS/45212BH002/DG.WZ08-47.NOMINAL.UMS002)","Germany – Retail trade, except motor vehicles a. motorcycles – at constant prices – Turnover (DESTATIS/45212BH002/DG.WZ08-47.REAL.UMS002)",Germany – Retail trade in-store – at current prices – Turnover (DESTATIS/45212BH002/DG.WZ08-471-01.NOMINAL.UMS002),Germany – Retail trade in-store – at constant prices – Turnover (DESTATIS/45212BH002/DG.WZ08-471-01.REAL.UMS002),Germany – Retail trade in the traditional sense – at current prices – Turnover (DESTATIS/45212BH002/DG.WZ08-471-02.NOMINAL.UMS002),Germany – Retail trade in the traditional sense – at constant prices – Turnover (DESTATIS/45212BH002/DG.WZ08-471-02.REAL.UMS002),Germany – Retail trade in its more narrow definition – at current prices – Turnover (DESTATIS/45212BH002/DG.WZ08-471-03.NOMINAL.UMS002),Germany – Retail trade in its more narrow definition – at constant prices – Turnover (DESTATIS/45212BH002/DG.WZ08-471-03.REAL.UMS002),"Germany – Retail trade, except retail sale of fuels – at current prices – Turnover (DESTATIS/45212BH002/DG.WZ08-471-04.NOMINAL.UMS002)","Germany – Retail trade, except retail sale of fuels – at constant prices – Turnover (DESTATIS/45212BH002/DG.WZ08-471-04.REAL.UMS002)",Germany – Retail sale in non-specialised stores – at current prices – Turnover (DESTATIS/45212BH002/DG.WZ08-471.NOMINAL.UMS002),Germany – Retail sale in non-specialised stores – at constant prices – Turnover (DESTATIS/45212BH002/DG.WZ08-471.REAL.UMS002),"Germany – Retail sale of food, except retail sale via stalls – at current prices – Turnover (DESTATIS/45212BH002/DG.WZ08-4711-01.NOMINAL.UMS002)","Germany – Retail sale of food, except retail sale via stalls – at constant prices – Turnover (DESTATIS/45212BH002/DG.WZ08-4711-01.REAL.UMS002)",Germany – Retail sale of food – at current prices – Turnover (DESTATIS/45212BH002/DG.WZ08-4711-02.NOMINAL.UMS002),Germany – Retail sale of food – at constant prices – Turnover (DESTATIS/45212BH002/DG.WZ08-4711-02.REAL.UMS002),Germany – Retail sale in non-spec. stores with food etc. – at current prices – Turnover (DESTATIS/45212BH002/DG.WZ08-4711.NOMINAL.UMS002),Germany – Retail sale in non-spec. stores with food etc. – at constant prices – Turnover (DESTATIS/45212BH002/DG.WZ08-4711.REAL.UMS002),"Germany – Retail sale of food,bev.,tob. in non-spec. stores – at current prices – Turnover (DESTATIS/45212BH002/DG.WZ08-47111.NOMINAL.UMS002)","Germany – Retail sale of food,bev.,tob. in non-spec. stores – at constant prices – Turnover (DESTATIS/45212BH002/DG.WZ08-47111.REAL.UMS002)",Germany – Other retail sale in non-spec.stores with food etc – at current prices – Turnover (DESTATIS/45212BH002/DG.WZ08-47112.NOMINAL.UMS002),Germany – Other retail sale in non-spec.stores with food etc – at constant prices – Turnover (DESTATIS/45212BH002/DG.WZ08-47112.REAL.UMS002),Germany – Retail sale of non-food (incl. markets of food) – at current prices – Turnover (DESTATIS/45212BH002/DG.WZ08-4719-01.NOMINAL.UMS002),Germany – Retail sale of non-food (incl. markets of food) – at constant prices – Turnover (DESTATIS/45212BH002/DG.WZ08-4719-01.REAL.UMS002),Germany – Retail sale of non-food – at current prices – Turnover (DESTATIS/45212BH002/DG.WZ08-4719-02.NOMINAL.UMS002),Germany – Retail sale of non-food – at constant prices – Turnover (DESTATIS/45212BH002/DG.WZ08-4719-02.REAL.UMS002),Germany – Other retail sale in non-specialised stores – at current prices – Turnover (DESTATIS/45212BH002/DG.WZ08-4719.NOMINAL.UMS002),Germany – Other retail sale in non-specialised stores – at constant prices – Turnover (DESTATIS/45212BH002/DG.WZ08-4719.REAL.UMS002),Germany – Retail sale in non-specialised stores (ex. food) – at current prices – Turnover (DESTATIS/45212BH002/DG.WZ08-47191.NOMINAL.UMS002),Germany – Retail sale in non-specialised stores (ex. food) – at constant prices – Turnover (DESTATIS/45212BH002/DG.WZ08-47191.REAL.UMS002),Germany – Retail sale in non-spec.stores with non-food pred. – at current prices – Turnover (DESTATIS/45212BH002/DG.WZ08-47192.NOMINAL.UMS002),Germany – Retail sale in non-spec.stores with non-food pred. – at constant prices – Turnover (DESTATIS/45212BH002/DG.WZ08-47192.REAL.UMS002),"Germany – Retail sale of food, beverages and tobacco – at current prices – Turnover (DESTATIS/45212BH002/DG.WZ08-472.NOMINAL.UMS002)","Germany – Retail sale of food, beverages and tobacco – at constant prices – Turnover (DESTATIS/45212BH002/DG.WZ08-472.REAL.UMS002)",Germany – Retail sale of fruit and vegetables – at current prices – Turnover (DESTATIS/45212BH002/DG.WZ08-4721.NOMINAL.UMS002),Germany – Retail sale of fruit and vegetables – at constant prices – Turnover (DESTATIS/45212BH002/DG.WZ08-4721.REAL.UMS002),Germany – Retail sale of meat and meat products – at current prices – Turnover (DESTATIS/45212BH002/DG.WZ08-4722.NOMINAL.UMS002),Germany – Retail sale of meat and meat products – at constant prices – Turnover (DESTATIS/45212BH002/DG.WZ08-4722.REAL.UMS002),"Germany – Retail sale of fish, crustaceans and molluscs – at current prices – Turnover (DESTATIS/45212BH002/DG.WZ08-4723.NOMINAL.UMS002)","Germany – Retail sale of fish, crustaceans and molluscs – at constant prices – Turnover (DESTATIS/45212BH002/DG.WZ08-4723.REAL.UMS002)","Germany – Retail sale of bread,cakes,flour a. sugar confect. – at current prices – Turnover (DESTATIS/45212BH002/DG.WZ08-4724.NOMINAL.UMS002)","Germany – Retail sale of bread,cakes,flour a. sugar confect. – at constant prices – Turnover (DESTATIS/45212BH002/DG.WZ08-4724.REAL.UMS002)",Germany – Retail sale of beverages – at current prices – Turnover (DESTATIS/45212BH002/DG.WZ08-4725.NOMINAL.UMS002),Germany – Retail sale of beverages – at constant prices – Turnover (DESTATIS/45212BH002/DG.WZ08-4725.REAL.UMS002),Germany – Retail sale of tobacco products – at current prices – Turnover (DESTATIS/45212BH002/DG.WZ08-4726.NOMINAL.UMS002),Germany – Retail sale of tobacco products – at constant prices – Turnover (DESTATIS/45212BH002/DG.WZ08-4726.REAL.UMS002),Germany – Other retail sale of food – at current prices – Turnover (DESTATIS/45212BH002/DG.WZ08-4729.NOMINAL.UMS002),Germany – Other retail sale of food – at constant prices – Turnover (DESTATIS/45212BH002/DG.WZ08-4729.REAL.UMS002),Germany – Retail sale of automotive fuel (WZ08-473) – at current prices – Turnover (DESTATIS/45212BH002/DG.WZ08-473.NOMINAL.UMS002),Germany – Retail sale of automotive fuel (WZ08-473) – at constant prices – Turnover (DESTATIS/45212BH002/DG.WZ08-473.REAL.UMS002),Germany – Retail sale of automotive fuel (WZ08-4730) – at current prices – Turnover (DESTATIS/45212BH002/DG.WZ08-4730.NOMINAL.UMS002),Germany – Retail sale of automotive fuel (WZ08-4730) – at constant prices – Turnover (DESTATIS/45212BH002/DG.WZ08-4730.REAL.UMS002),Germany – Retail sale on behalf of others of automotive fuel – at current prices – Turnover (DESTATIS/45212BH002/DG.WZ08-47301.NOMINAL.UMS002),Germany – Retail sale on behalf of others of automotive fuel – at constant prices – Turnover (DESTATIS/45212BH002/DG.WZ08-47301.REAL.UMS002),Germany – Retail sale of private-brand automotive fuel – at current prices – Turnover (DESTATIS/45212BH002/DG.WZ08-47302.NOMINAL.UMS002),Germany – Retail sale of private-brand automotive fuel – at constant prices – Turnover (DESTATIS/45212BH002/DG.WZ08-47302.REAL.UMS002),"Germany – Retail sale of furniture, HiFi and IT – at current prices – Turnover (DESTATIS/45212BH002/DG.WZ08-474-01.NOMINAL.UMS002)","Germany – Retail sale of furniture, HiFi and IT – at constant prices – Turnover (DESTATIS/45212BH002/DG.WZ08-474-01.REAL.UMS002)",Germany – Retail sale of information a. communication equip. – at current prices – Turnover (DESTATIS/45212BH002/DG.WZ08-474.NOMINAL.UMS002),Germany – Retail sale of information a. communication equip. – at constant prices – Turnover (DESTATIS/45212BH002/DG.WZ08-474.REAL.UMS002),Germany – Retail sale of books and stationery – at current prices – Turnover (DESTATIS/45212BH002/DG.WZ08-4741-01.NOMINAL.UMS002),Germany – Retail sale of books and stationery – at constant prices – Turnover (DESTATIS/45212BH002/DG.WZ08-4741-01.REAL.UMS002),"Germany – Retail sale of computers,peripheral units,software – at current prices – Turnover (DESTATIS/45212BH002/DG.WZ08-4741.NOMINAL.UMS002)","Germany – Retail sale of computers,peripheral units,software – at constant prices – Turnover (DESTATIS/45212BH002/DG.WZ08-4741.REAL.UMS002)",Germany – Retail sale of telecommunications equipment – at current prices – Turnover (DESTATIS/45212BH002/DG.WZ08-4742.NOMINAL.UMS002),Germany – Retail sale of telecommunications equipment – at constant prices – Turnover (DESTATIS/45212BH002/DG.WZ08-4742.REAL.UMS002),"Germany – Retail sale of furnishings, household equip. etc. – at current prices – Turnover (DESTATIS/45212BH002/DG.WZ08-4743-01.NOMINAL.UMS002)","Germany – Retail sale of furnishings, household equip. etc. – at constant prices – Turnover (DESTATIS/45212BH002/DG.WZ08-4743-01.REAL.UMS002)",Germany – Retail sale of audio and video equipment – at current prices – Turnover (DESTATIS/45212BH002/DG.WZ08-4743.NOMINAL.UMS002),Germany – Retail sale of audio and video equipment – at constant prices – Turnover (DESTATIS/45212BH002/DG.WZ08-4743.REAL.UMS002),Germany – Retail sale of other household equipment – at current prices – Turnover (DESTATIS/45212BH002/DG.WZ08-475.NOMINAL.UMS002),Germany – Retail sale of other household equipment – at constant prices – Turnover (DESTATIS/45212BH002/DG.WZ08-475.REAL.UMS002),"Germany – Retail sale of textiles, clothing and footwear – at current prices – Turnover (DESTATIS/45212BH002/DG.WZ08-4751-01.NOMINAL.UMS002)","Germany – Retail sale of textiles, clothing and footwear – at constant prices – Turnover (DESTATIS/45212BH002/DG.WZ08-4751-01.REAL.UMS002)","Germany – Retail sale of textiles,clothing,footwear,leather – at current prices – Turnover (DESTATIS/45212BH002/DG.WZ08-4751-02.NOMINAL.UMS002)","Germany – Retail sale of textiles,clothing,footwear,leather – at constant prices – Turnover (DESTATIS/45212BH002/DG.WZ08-4751-02.REAL.UMS002)",Germany – Retail sale of textiles – at current prices – Turnover (DESTATIS/45212BH002/DG.WZ08-4751.NOMINAL.UMS002),Germany – Retail sale of textiles – at constant prices – Turnover (DESTATIS/45212BH002/DG.WZ08-4751.REAL.UMS002),"Germany – Retail sale of furniture,furnishings,hh.equip.etc. – at current prices – Turnover (DESTATIS/45212BH002/DG.WZ08-4752-01.NOMINAL.UMS002)","Germany – Retail sale of furniture,furnishings,hh.equip.etc. – at constant prices – Turnover (DESTATIS/45212BH002/DG.WZ08-4752-01.REAL.UMS002)","Germany – Retail sale of hardware, paints and glass – at current prices – Turnover (DESTATIS/45212BH002/DG.WZ08-4752.NOMINAL.UMS002)","Germany – Retail sale of hardware, paints and glass – at constant prices – Turnover (DESTATIS/45212BH002/DG.WZ08-4752.REAL.UMS002)",Germany – Retail sale of hardware and plastic products – at current prices – Turnover (DESTATIS/45212BH002/DG.WZ08-47521.NOMINAL.UMS002),Germany – Retail sale of hardware and plastic products – at constant prices – Turnover (DESTATIS/45212BH002/DG.WZ08-47521.REAL.UMS002),"Germany – Retail sale of paints,varnishes,building material – at current prices – Turnover (DESTATIS/45212BH002/DG.WZ08-47523.NOMINAL.UMS002)","Germany – Retail sale of paints,varnishes,building material – at constant prices – Turnover (DESTATIS/45212BH002/DG.WZ08-47523.REAL.UMS002)","Germany – Retail sale of carpets, rugs, wall a. floor cover. – at current prices – Turnover (DESTATIS/45212BH002/DG.WZ08-4753.NOMINAL.UMS002)","Germany – Retail sale of carpets, rugs, wall a. floor cover. – at constant prices – Turnover (DESTATIS/45212BH002/DG.WZ08-4753.REAL.UMS002)",Germany – Retail sale of electrical household appliances – at current prices – Turnover (DESTATIS/45212BH002/DG.WZ08-4754.NOMINAL.UMS002),Germany – Retail sale of electrical household appliances – at constant prices – Turnover (DESTATIS/45212BH002/DG.WZ08-4754.REAL.UMS002),"Germany – Retail sale of furniture, lighting equipment etc. – at current prices – Turnover (DESTATIS/45212BH002/DG.WZ08-4759.NOMINAL.UMS002)","Germany – Retail sale of furniture, lighting equipment etc. – at constant prices – Turnover (DESTATIS/45212BH002/DG.WZ08-4759.REAL.UMS002)",Germany – Retail sale of furniture – at current prices – Turnover (DESTATIS/45212BH002/DG.WZ08-47591.NOMINAL.UMS002),Germany – Retail sale of furniture – at constant prices – Turnover (DESTATIS/45212BH002/DG.WZ08-47591.REAL.UMS002),Germany – Retail sale of china and glassware – at current prices – Turnover (DESTATIS/45212BH002/DG.WZ08-47592.NOMINAL.UMS002),Germany – Retail sale of china and glassware – at constant prices – Turnover (DESTATIS/45212BH002/DG.WZ08-47592.REAL.UMS002),Germany – Retail sale of musical instruments and scores – at current prices – Turnover (DESTATIS/45212BH002/DG.WZ08-47593.NOMINAL.UMS002),Germany – Retail sale of musical instruments and scores – at constant prices – Turnover (DESTATIS/45212BH002/DG.WZ08-47593.REAL.UMS002),Germany – Retail sale of household articles n.e.c. – at current prices – Turnover (DESTATIS/45212BH002/DG.WZ08-47599.NOMINAL.UMS002),Germany – Retail sale of household articles n.e.c. – at constant prices – Turnover (DESTATIS/45212BH002/DG.WZ08-47599.REAL.UMS002),Germany – Retail sale of cultural and recreation goods – at current prices – Turnover (DESTATIS/45212BH002/DG.WZ08-476.NOMINAL.UMS002),Germany – Retail sale of cultural and recreation goods – at constant prices – Turnover (DESTATIS/45212BH002/DG.WZ08-476.REAL.UMS002),Germany – Retail sale of books – at current prices – Turnover (DESTATIS/45212BH002/DG.WZ08-4761.NOMINAL.UMS002),Germany – Retail sale of books – at constant prices – Turnover (DESTATIS/45212BH002/DG.WZ08-4761.REAL.UMS002),Germany – Retail sale of newspapers and stationery – at current prices – Turnover (DESTATIS/45212BH002/DG.WZ08-4762.NOMINAL.UMS002),Germany – Retail sale of newspapers and stationery – at constant prices – Turnover (DESTATIS/45212BH002/DG.WZ08-4762.REAL.UMS002),"Germany – Retail sale of newspapers, journals, periodicals – at current prices – Turnover (DESTATIS/45212BH002/DG.WZ08-47621.NOMINAL.UMS002)","Germany – Retail sale of newspapers, journals, periodicals – at constant prices – Turnover (DESTATIS/45212BH002/DG.WZ08-47621.REAL.UMS002)","Germany – Retail sale of stationery,school a.office supplies – at current prices – Turnover (DESTATIS/45212BH002/DG.WZ08-47622.NOMINAL.UMS002)","Germany – Retail sale of stationery,school a.office supplies – at constant prices – Turnover (DESTATIS/45212BH002/DG.WZ08-47622.REAL.UMS002)",Germany – Retail sale of music and video recordings – at current prices – Turnover (DESTATIS/45212BH002/DG.WZ08-4763.NOMINAL.UMS002),Germany – Retail sale of music and video recordings – at constant prices – Turnover (DESTATIS/45212BH002/DG.WZ08-4763.REAL.UMS002),Germany – Retail sale of sporting equipment – at current prices – Turnover (DESTATIS/45212BH002/DG.WZ08-4764.NOMINAL.UMS002),Germany – Retail sale of sporting equipment – at constant prices – Turnover (DESTATIS/45212BH002/DG.WZ08-4764.REAL.UMS002),"Germany – Retail sale of bicycles, their parts and access. – at current prices – Turnover (DESTATIS/45212BH002/DG.WZ08-47641.NOMINAL.UMS002)","Germany – Retail sale of bicycles, their parts and access. – at constant prices – Turnover (DESTATIS/45212BH002/DG.WZ08-47641.REAL.UMS002)",Germany – Retail sale of sports a. camping goods (ex. camp.) – at current prices – Turnover (DESTATIS/45212BH002/DG.WZ08-47642.NOMINAL.UMS002),Germany – Retail sale of sports a. camping goods (ex. camp.) – at constant prices – Turnover (DESTATIS/45212BH002/DG.WZ08-47642.REAL.UMS002),Germany – Retail sale of games and toys – at current prices – Turnover (DESTATIS/45212BH002/DG.WZ08-4765.NOMINAL.UMS002),Germany – Retail sale of games and toys – at constant prices – Turnover (DESTATIS/45212BH002/DG.WZ08-4765.REAL.UMS002),Germany – Retail sale of other goods – at current prices – Turnover (DESTATIS/45212BH002/DG.WZ08-477.NOMINAL.UMS002),Germany – Retail sale of other goods – at constant prices – Turnover (DESTATIS/45212BH002/DG.WZ08-477.REAL.UMS002),Germany – Retail sale of clothing – at current prices – Turnover (DESTATIS/45212BH002/DG.WZ08-4771.NOMINAL.UMS002),Germany – Retail sale of clothing – at constant prices – Turnover (DESTATIS/45212BH002/DG.WZ08-4771.REAL.UMS002),Germany – Retail sale of footwear and leather goods – at current prices – Turnover (DESTATIS/45212BH002/DG.WZ08-4772.NOMINAL.UMS002),Germany – Retail sale of footwear and leather goods – at constant prices – Turnover (DESTATIS/45212BH002/DG.WZ08-4772.REAL.UMS002),Germany – Retail sale of footwear – at current prices – Turnover (DESTATIS/45212BH002/DG.WZ08-47721.NOMINAL.UMS002),Germany – Retail sale of footwear – at constant prices – Turnover (DESTATIS/45212BH002/DG.WZ08-47721.REAL.UMS002),Germany – Retail sale of leather goods and luggage – at current prices – Turnover (DESTATIS/45212BH002/DG.WZ08-47722.NOMINAL.UMS002),Germany – Retail sale of leather goods and luggage – at constant prices – Turnover (DESTATIS/45212BH002/DG.WZ08-47722.REAL.UMS002),"Germany – Dispensing chemist,retail sale of medic. goods etc – at current prices – Turnover (DESTATIS/45212BH002/DG.WZ08-4773-01.NOMINAL.UMS002)","Germany – Dispensing chemist,retail sale of medic. goods etc – at constant prices – Turnover (DESTATIS/45212BH002/DG.WZ08-4773-01.REAL.UMS002)",Germany – Dispensing chemist – at current prices – Turnover (DESTATIS/45212BH002/DG.WZ08-4773.NOMINAL.UMS002),Germany – Dispensing chemist – at constant prices – Turnover (DESTATIS/45212BH002/DG.WZ08-4773.REAL.UMS002),Germany – Retail sale of medical and orthopaedic goods – at current prices – Turnover (DESTATIS/45212BH002/DG.WZ08-4774.NOMINAL.UMS002),Germany – Retail sale of medical and orthopaedic goods – at constant prices – Turnover (DESTATIS/45212BH002/DG.WZ08-4774.REAL.UMS002),Germany – Retail sale of cosmetic and toilet articles – at current prices – Turnover (DESTATIS/45212BH002/DG.WZ08-4775.NOMINAL.UMS002),Germany – Retail sale of cosmetic and toilet articles – at constant prices – Turnover (DESTATIS/45212BH002/DG.WZ08-4775.REAL.UMS002),"Germany – Retail sale of flowers,plants,seeds,fertil.,anim. – at current prices – Turnover (DESTATIS/45212BH002/DG.WZ08-4776.NOMINAL.UMS002)","Germany – Retail sale of flowers,plants,seeds,fertil.,anim. – at constant prices – Turnover (DESTATIS/45212BH002/DG.WZ08-4776.REAL.UMS002)","Germany – Retail sale of flowers, plants, seeds, fertilisers – at current prices – Turnover (DESTATIS/45212BH002/DG.WZ08-47761.NOMINAL.UMS002)","Germany – Retail sale of flowers, plants, seeds, fertilisers – at constant prices – Turnover (DESTATIS/45212BH002/DG.WZ08-47761.REAL.UMS002)","Germany – Retail sale of live animals, animal food etc. – at current prices – Turnover (DESTATIS/45212BH002/DG.WZ08-47762.NOMINAL.UMS002)","Germany – Retail sale of live animals, animal food etc. – at constant prices – Turnover (DESTATIS/45212BH002/DG.WZ08-47762.REAL.UMS002)",Germany – Retail sale of watches and jewellery – at current prices – Turnover (DESTATIS/45212BH002/DG.WZ08-4777.NOMINAL.UMS002),Germany – Retail sale of watches and jewellery – at constant prices – Turnover (DESTATIS/45212BH002/DG.WZ08-4777.REAL.UMS002),Germany – Other retail sale of new goods (WZ08-4778) – at current prices – Turnover (DESTATIS/45212BH002/DG.WZ08-4778.NOMINAL.UMS002),Germany – Other retail sale of new goods (WZ08-4778) – at constant prices – Turnover (DESTATIS/45212BH002/DG.WZ08-4778.REAL.UMS002),Germany – Activities of opticians – at current prices – Turnover (DESTATIS/45212BH002/DG.WZ08-47781.NOMINAL.UMS002),Germany – Activities of opticians – at constant prices – Turnover (DESTATIS/45212BH002/DG.WZ08-47781.REAL.UMS002),"Germany – Retail sale of photographic, optical equip. etc. – at current prices – Turnover (DESTATIS/45212BH002/DG.WZ08-47782.NOMINAL.UMS002)","Germany – Retail sale of photographic, optical equip. etc. – at constant prices – Turnover (DESTATIS/45212BH002/DG.WZ08-47782.REAL.UMS002)","Germany – Retail sale of art,pictures,craftwork,stamps etc. – at current prices – Turnover (DESTATIS/45212BH002/DG.WZ08-47783.NOMINAL.UMS002)","Germany – Retail sale of art,pictures,craftwork,stamps etc. – at constant prices – Turnover (DESTATIS/45212BH002/DG.WZ08-47783.REAL.UMS002)",Germany – Other retail sale of new goods (WZ08-47789) – at current prices – Turnover (DESTATIS/45212BH002/DG.WZ08-47789.NOMINAL.UMS002),Germany – Other retail sale of new goods (WZ08-47789) – at constant prices – Turnover (DESTATIS/45212BH002/DG.WZ08-47789.REAL.UMS002),Germany – Retail sale of second-hand goods in stores – at current prices – Turnover (DESTATIS/45212BH002/DG.WZ08-4779.NOMINAL.UMS002),Germany – Retail sale of second-hand goods in stores – at constant prices – Turnover (DESTATIS/45212BH002/DG.WZ08-4779.REAL.UMS002),Germany – Retail sale of antiques and antique rugs in stores – at current prices – Turnover (DESTATIS/45212BH002/DG.WZ08-47791.NOMINAL.UMS002),Germany – Retail sale of antiques and antique rugs in stores – at constant prices – Turnover (DESTATIS/45212BH002/DG.WZ08-47791.REAL.UMS002),Germany – Retail sale in second-hand bookstores in stores – at current prices – Turnover (DESTATIS/45212BH002/DG.WZ08-47792.NOMINAL.UMS002),Germany – Retail sale in second-hand bookstores in stores – at constant prices – Turnover (DESTATIS/45212BH002/DG.WZ08-47792.REAL.UMS002),Germany – Retail sale of other second-hand goods in stores – at current prices – Turnover (DESTATIS/45212BH002/DG.WZ08-47799.NOMINAL.UMS002),Germany – Retail sale of other second-hand goods in stores – at constant prices – Turnover (DESTATIS/45212BH002/DG.WZ08-47799.REAL.UMS002),Germany – Retail sale via stalls and markets – at current prices – Turnover (DESTATIS/45212BH002/DG.WZ08-478.NOMINAL.UMS002),Germany – Retail sale via stalls and markets – at constant prices – Turnover (DESTATIS/45212BH002/DG.WZ08-478.REAL.UMS002),"Germany – Retail sale via stalls, markets of food,bev.,tob. – at current prices – Turnover (DESTATIS/45212BH002/DG.WZ08-4781.NOMINAL.UMS002)","Germany – Retail sale via stalls, markets of food,bev.,tob. – at constant prices – Turnover (DESTATIS/45212BH002/DG.WZ08-4781.REAL.UMS002)","Germany – Retail sale v.stalls,markets of text.,cloth.,foot. – at current prices – Turnover (DESTATIS/45212BH002/DG.WZ08-4782.NOMINAL.UMS002)","Germany – Retail sale v.stalls,markets of text.,cloth.,foot. – at constant prices – Turnover (DESTATIS/45212BH002/DG.WZ08-4782.REAL.UMS002)",Germany – Retail sale via stalls and markets of other goods – at current prices – Turnover (DESTATIS/45212BH002/DG.WZ08-4789.NOMINAL.UMS002),Germany – Retail sale via stalls and markets of other goods – at constant prices – Turnover (DESTATIS/45212BH002/DG.WZ08-4789.REAL.UMS002),"Germany – Retail trade not in stores, stalls or markets – at current prices – Turnover (DESTATIS/45212BH002/DG.WZ08-479.NOMINAL.UMS002)","Germany – Retail trade not in stores, stalls or markets – at constant prices – Turnover (DESTATIS/45212BH002/DG.WZ08-479.REAL.UMS002)",Germany – Retail sale via mail order houses or via Internet – at current prices – Turnover (DESTATIS/45212BH002/DG.WZ08-4791.NOMINAL.UMS002),Germany – Retail sale via mail order houses or via Internet – at constant prices – Turnover (DESTATIS/45212BH002/DG.WZ08-4791.REAL.UMS002),"Germany – Retail sale of textiles etc. v.mail order,Internet – at current prices – Turnover (DESTATIS/45212BH002/DG.WZ08-47911.NOMINAL.UMS002)","Germany – Retail sale of textiles etc. v.mail order,Internet – at constant prices – Turnover (DESTATIS/45212BH002/DG.WZ08-47911.REAL.UMS002)",Germany – Other retail sale v. mail order houses or Internet – at current prices – Turnover (DESTATIS/45212BH002/DG.WZ08-47919.NOMINAL.UMS002),Germany – Other retail sale v. mail order houses or Internet – at constant prices – Turnover (DESTATIS/45212BH002/DG.WZ08-47919.REAL.UMS002),"Germany – Other retail sale not in stores, stalls or markets – at current prices – Turnover (DESTATIS/45212BH002/DG.WZ08-4799.NOMINAL.UMS002)","Germany – Other retail sale not in stores, stalls or markets – at constant prices – Turnover (DESTATIS/45212BH002/DG.WZ08-4799.REAL.UMS002)",Germany – Retail sale of fuels from stock – at current prices – Turnover (DESTATIS/45212BH002/DG.WZ08-47991.NOMINAL.UMS002),Germany – Retail sale of fuels from stock – at constant prices – Turnover (DESTATIS/45212BH002/DG.WZ08-47991.REAL.UMS002),Germany – Other retail sale not in stores n.e.c. – at current prices – Turnover (DESTATIS/45212BH002/DG.WZ08-47999.NOMINAL.UMS002),Germany – Other retail sale not in stores n.e.c. – at constant prices – Turnover (DESTATIS/45212BH002/DG.WZ08-47999.REAL.UMS002),"Germany – Wholesale, retail trade, repair of motor vehicles – at current prices – Turnover (DESTATIS/45212BH002/DG.WZ08-G.NOMINAL.UMS002)","Germany – Wholesale, retail trade, repair of motor vehicles – at constant prices – Turnover (DESTATIS/45212BH002/DG.WZ08-G.REAL.UMS002)"
1994-S1,NA,NA,79.4,91.0,80.0,92.9,81.0,93.0,NA,NA,83.3,94.1,79.6,89.9,76.0,96.0,70.0,92.2,70.0,92.3,66.8,86.9,61.2,80.6,91.5,114.1,86.3,89.9,86.9,93.3,176.1,184.7,185.8,184.5,173.3,184.3,112.6,161.8,167.7,245.5,172.7,228.9,153.4,281.7,137.8,198.0,89.8,112.5,97.7,207.6,75.9,94.3,102.1,168.0,102.1,168.0,143.1,225.2,67.2,119.3,100.5,80.6,86.5,21.2,113.6,99.3,83.5,8.4,75.2,8.3,99.6,94.6,90.9,34.5,104.5,121.1,92.3,100.6,90.9,99.4,117.5,143.4,104.4,120.7,82.8,103.5,143.4,176.7,77.2,96.8,194.5,218.4,152.0,104.6,106.5,127.7,102.7,123.2,144.5,178.9,80.6,100.8,194.4,230.1,86.8,102.2,75.2,93.6,113.7,157.4,86.7,152.4,129.9,160.3,142.9,73.0,85.7,96.4,106.2,118.7,66.1,74.9,79.0,80.0,71.9,81.1,94.1,101.1,75.5,87.0,80.3,92.2,42.0,51.0,45.6,49.1,47.7,53.3,72.5,63.1,35.3,37.1,111.6,138.6,144.5,181.6,43.5,53.8,65.9,98.9,192.1,243.8,199.7,273.6,172.9,109.1,165.2,223.0,210.6,229.7,212.3,245.3,281.4,325.1,330.4,362.9,189.8,224.7,217.8,324.1,127.6,192.5,1316.7,1583.3,154.1,278.1,68.9,93.0,65.0,65.4,61.7,62.7,70.7,71.1,98.0,199.1,70.1,151.6,178.9,354.9,NA,NA
1994-S2,NA,NA,87.4,99.5,87.9,101.6,89.3,101.6,NA,NA,92.1,103.2,87.8,98.3,80.6,101.2,72.9,95.6,73.0,95.8,69.0,89.4,61.7,81.0,100.7,125.2,97.9,101.2,98.3,104.6,204.8,214.1,210.8,208.4,203.2,215.4,124.5,178.4,162.9,243.0,195.4,258.5,179.4,326.8,158.1,224.2,103.0,128.8,105.4,223.2,80.7,99.1,108.9,178.3,108.9,178.3,152.7,239.8,71.6,126.0,115.6,91.3,109.8,27.6,130.9,113.2,100.4,10.3,106.6,11.8,114.0,107.0,118.3,45.3,117.0,134.8,107.7,117.0,106.5,115.9,141.8,172.2,116.7,133.9,90.9,113.2,160.3,197.1,84.6,105.5,216.7,240.9,187.0,128.8,117.9,140.7,113.1,135.0,185.5,227.7,99.1,123.1,215.2,253.1,106.0,124.3,106.8,129.8,139.9,191.3,96.0,167.1,164.9,202.5,186.0,95.1,81.7,91.8,99.3,111.0,64.8,73.3,137.7,138.9,80.6,90.7,110.8,118.3,86.3,99.2,90.1,103.1,57.5,69.4,49.3,53.0,50.5,56.3,80.5,69.6,40.8,42.7,93.9,118.3,118.5,151.1,43.9,55.1,100.4,150.2,216.6,272.9,212.9,289.6,197.9,125.0,199.6,267.6,255.8,279.8,225.2,258.7,320.5,370.2,296.3,325.7,191.7,225.8,250.0,372.0,131.9,199.0,1614.3,1941.1,188.9,341.1,74.1,100.2,70.4,70.4,66.6,67.5,76.6,76.7,104.0,214.8,72.3,159.1,196.2,396.8,NA,NA
1995-S1,NA,NA,81.2,92.3,81.9,94.5,83.0,94.4,NA,NA,84.9,94.9,81.4,91.1,77.3,96.6,72.5,94.4,72.6,94.4,68.7,88.3,60.4,78.5,104.6,129.2,87.6,90.8,88.3,94.4,171.2,178.3,179.5,176.8,168.7,178.4,123.3,174.0,197.5,274.3,203.5,268.6,147.9,265.2,139.7,196.7,99.2,123.5,100.7,212.4,79.7,97.3,106.3,173.5,106.3,173.5,153.3,239.2,66.7,118.1,100.5,80.1,84.0,20.9,115.5,100.3,82.0,8.6,73.2,8.2,99.5,93.7,87.8,33.7,105.1,120.5,92.7,100.4,91.3,99.2,119.5,144.6,105.1,120.0,88.4,109.5,151.9,185.4,82.6,102.5,201.3,222.2,153.2,105.4,103.1,121.8,99.9,118.1,118.0,143.3,85.1,104.9,177.2,207.2,90.6,105.0,80.1,96.3,114.6,156.1,92.7,158.9,128.0,155.8,138.0,70.4,88.3,99.2,113.3,126.4,64.4,72.8,88.6,88.9,74.5,83.2,93.9,99.9,78.6,89.7,83.7,95.2,42.8,51.4,49.8,52.9,51.8,57.3,80.2,68.8,38.7,40.4,116.2,143.7,151.8,189.9,42.3,52.0,64.9,97.0,191.8,241.2,194.2,263.1,169.1,107.3,152.5,203.6,228.7,249.7,166.8,191.9,206.5,238.6,177.5,195.2,162.0,189.0,219.2,322.1,131.5,194.4,1303.7,1554.6,152.6,273.2,70.0,96.1,65.8,65.6,64.8,65.3,69.9,69.6,100.6,213.5,72.2,163.1,183.0,379.1,NA,NA
1995-S2,NA,NA,87.8,99.6,88.3,101.8,90.0,102.0,NA,NA,92.3,103.1,88.1,98.4,82.2,103.1,75.7,98.9,75.6,99.0,71.3,92.2,62.7,81.9,109.2,135.2,96.7,99.7,97.3,103.3,199.6,207.3,207.1,203.5,197.3,208.1,132.0,187.5,182.0,277.5,217.8,287.1,166.9,304.4,157.1,221.2,111.3,137.6,106.4,224.1,83.1,102.1,112.5,183.3,112.5,183.3,164.7,255.7,68.6,122.6,110.3,86.3,104.5,26.6,130.4,112.6,97.0,10.5,103.6,12.8,108.3,100.8,111.3,43.1,112.1,127.4,107.8,116.3,106.6,115.4,146.6,176.6,111.3,126.2,93.0,115.0,164.6,200.7,86.3,107.2,214.0,234.4,183.1,126.7,106.9,125.4,102.5,120.3,151.8,182.9,101.0,123.9,188.9,220.3,108.6,126.1,113.4,136.1,137.2,185.0,100.3,171.2,158.6,191.9,175.1,89.3,84.1,94.3,106.1,118.2,63.0,71.2,140.7,140.9,81.7,91.2,110.1,117.0,88.6,100.7,92.6,104.8,58.2,69.9,51.6,55.1,51.9,57.8,88.3,75.5,43.8,45.6,97.6,122.7,124.4,158.4,42.6,53.4,98.3,146.8,212.2,265.3,206.9,279.1,191.9,123.2,180.0,238.7,262.7,286.8,181.4,206.2,281.9,325.6,224.9,247.1,142.0,164.3,229.2,340.2,131.9,199.6,1402.4,1675.2,164.1,294.3,73.1,100.3,68.8,68.4,63.3,63.6,76.1,75.7,104.6,222.8,74.0,168.0,193.1,402.4,NA,NA
1996-S1,NA,NA,80.8,91.3,81.7,93.6,82.7,93.6,NA,NA,84.0,93.3,80.9,89.9,76.7,95.6,72.5,93.8,72.6,94.0,68.7,87.8,60.3,78.1,104.7,128.8,87.0,89.3,88.0,93.3,164.4,170.4,184.2,180.6,158.4,166.7,123.4,172.6,196.7,271.3,208.1,272.9,147.0,263.9,134.9,189.7,100.1,123.3,97.0,204.0,82.1,100.2,112.1,179.9,112.1,179.9,159.3,246.3,72.1,123.9,98.4,77.7,85.1,21.7,113.9,98.5,82.6,9.1,70.1,9.6,97.3,91.0,89.7,34.9,102.1,115.8,91.0,98.0,89.7,96.9,119.6,143.3,101.9,115.3,88.0,108.4,151.2,184.0,82.0,101.4,189.5,205.8,146.4,101.9,99.0,115.3,95.6,111.5,111.1,133.2,84.4,102.6,174.5,202.6,89.6,103.3,79.8,95.2,112.4,150.9,91.5,154.4,125.2,150.3,140.9,72.0,87.0,97.4,111.3,123.9,63.5,71.6,89.4,89.3,75.2,83.7,91.7,97.2,78.3,88.8,83.6,94.2,42.0,50.3,52.3,55.7,54.1,59.9,86.6,74.0,41.1,42.7,116.5,145.7,152.9,193.6,40.6,50.5,65.8,98.0,188.5,234.3,186.2,249.9,161.0,104.3,143.5,189.1,238.9,257.6,131.4,148.6,211.6,244.6,163.8,180.0,98.6,113.3,200.1,292.9,129.2,190.0,1124.8,1337.9,131.7,235.1,71.0,94.0,65.3,64.6,62.1,62.2,70.8,70.1,106.4,206.6,81.6,167.5,178.8,336.9,NA,NA
1996-S2,NA,NA,88.1,99.1,88.9,101.4,90.0,101.5,NA,NA,92.2,102.0,88.2,97.6,82.0,102.2,75.6,98.2,75.6,98.2,71.4,91.7,62.3,81.0,111.1,136.7,97.4,99.1,98.2,102.9,196.2,203.0,208.5,204.1,192.6,202.4,130.3,182.3,185.2,282.7,222.4,286.5,176.6,313.0,154.2,215.2,106.3,130.5,99.5,206.9,86.7,105.9,117.4,186.6,117.4,186.6,166.8,257.8,75.5,126.7,109.4,85.8,101.2,26.5,128.0,109.8,94.0,10.6,99.4,14.1,108.0,100.3,108.1,42.5,111.8,126.4,107.8,115.6,106.5,114.6,139.3,166.6,111.2,125.3,93.4,115.1,164.2,199.7,86.8,107.4,205.5,222.6,175.0,122.5,108.1,125.3,104.2,120.8,142.2,169.8,98.7,119.8,184.6,214.2,107.7,123.7,112.6,131.9,133.4,177.3,100.7,167.2,152.5,182.4,169.9,87.1,82.7,92.8,104.2,116.0,62.2,70.2,144.5,144.0,82.5,91.6,110.1,116.4,89.2,100.8,93.8,105.3,56.0,66.8,53.5,57.1,53.5,59.5,95.6,82.0,45.4,47.3,97.7,123.7,125.4,160.6,40.9,51.5,97.2,144.6,207.3,255.5,198.5,264.8,188.9,124.4,174.8,229.6,264.8,282.5,152.4,171.9,246.1,284.6,211.0,231.9,112.5,129.0,221.5,327.2,130.8,196.5,1331.2,1584.8,155.8,278.5,78.2,100.0,71.4,70.3,66.7,66.5,78.2,76.9,119.1,214.3,94.2,178.9,190.8,332.9,NA,NA
1997-S1,NA,NA,80.3,90.0,81.1,92.2,82.0,92.2,NA,NA,83.2,91.8,80.2,88.6,75.4,93.4,71.1,91.2,71.2,91.3,67.3,85.4,60.1,77.2,98.8,120.7,87.1,89.0,88.0,92.6,165.2,170.8,168.4,164.7,164.3,172.4,121.0,166.6,184.8,259.4,203.5,258.8,147.2,252.6,141.6,196.2,98.7,121.0,92.8,189.0,80.7,97.7,108.6,172.0,108.6,172.0,149.7,230.8,73.3,121.9,97.1,76.9,82.3,21.6,112.2,96.6,80.8,9.3,71.0,10.9,96.6,90.3,85.7,34.1,101.2,114.4,91.8,98.5,90.5,97.3,111.5,133.0,101.2,114.1,91.0,111.9,155.3,189.1,85.1,104.7,174.5,188.3,138.0,97.1,97.7,112.7,94.5,108.9,99.4,118.0,82.6,99.9,173.0,200.4,86.3,98.9,81.4,94.9,107.6,143.2,90.0,148.5,118.7,141.7,134.8,69.2,83.3,93.5,105.1,117.1,62.6,70.7,80.2,79.6,76.3,84.6,92.7,98.1,78.8,88.7,84.3,94.4,41.0,48.7,53.5,57.0,54.9,60.7,92.2,79.4,42.6,44.3,119.3,147.2,156.8,195.8,41.1,50.6,64.6,96.0,189.7,234.1,188.8,250.5,165.0,110.2,156.9,205.4,230.2,246.6,139.2,157.0,201.2,232.4,337.7,371.3,108.5,123.4,194.6,282.9,123.0,179.4,1112.5,1315.9,130.2,231.2,71.2,92.1,64.2,63.2,61.4,61.3,69.4,68.2,111.2,202.9,89.6,172.0,173.3,307.5,NA,NA
1997-S2,NA,NA,86.7,96.8,87.3,98.9,88.6,99.2,NA,NA,90.6,99.5,86.8,95.3,81.1,99.8,74.9,95.5,74.8,95.6,70.8,89.5,63.2,80.8,103.9,126.5,95.4,97.1,96.1,100.6,191.9,198.4,193.0,188.7,191.5,201.0,127.7,175.2,166.8,248.3,217.8,271.0,166.3,281.1,156.4,214.7,106.9,130.5,97.1,197.2,84.0,100.5,113.6,179.1,113.6,179.1,154.6,237.6,78.4,129.1,107.1,84.0,100.2,27.2,125.4,107.2,93.3,11.2,100.8,17.1,106.1,98.4,106.5,43.0,109.0,122.8,102.9,110.3,101.7,109.3,132.1,157.4,108.6,121.8,93.9,115.2,162.6,198.3,87.7,107.6,186.6,200.5,162.4,115.2,105.7,121.6,101.6,116.8,122.5,144.7,99.1,119.2,190.6,220.7,102.7,117.6,111.8,129.4,129.8,171.9,99.2,162.5,147.9,176.8,167.4,86.7,79.5,89.1,98.3,109.6,61.3,69.3,125.9,124.5,81.7,90.6,105.1,111.1,85.4,96.0,89.4,100.1,55.4,65.5,54.4,58.2,53.3,59.2,96.8,83.8,49.2,51.2,100.1,125.2,128.6,162.8,41.5,51.7,97.1,144.1,206.6,252.6,201.2,262.8,187.8,127.8,177.2,231.0,255.5,274.1,204.9,228.8,383.1,442.5,232.9,256.0,124.4,141.1,210.1,307.1,124.6,183.2,1259.9,1494.4,147.5,262.5,75.6,97.3,69.3,68.1,63.3,63.1,77.0,75.6,114.2,209.3,91.1,176.3,180.5,320.3,NA,NA
1998-S1,NA,NA,80.3,89.6,80.9,91.7,82.2,91.7,NA,NA,83.3,91.3,80.4,88.3,75.3,92.3,71.6,90.5,71.6,90.6,68.0,85.3,62.2,78.7,93.8,113.6,86.7,88.7,87.5,92.1,157.1,162.1,161.9,158.2,155.6,162.9,118.6,160.9,161.9,222.5,196.2,245.8,143.1,232.3,143.0,195.3,100.7,122.7,90.9,182.1,78.3,93.1,105.2,168.9,105.2,168.9,143.7,219.7,72.2,124.8,100.2,79.2,86.1,23.6,112.1,95.3,83.8,10.4,69.6,12.4,100.0,93.1,90.6,36.9,104.0,116.8,89.5,95.9,88.2,94.7,110.1,130.8,104.0,116.6,93.8,114.2,153.8,187.1,88.3,107.5,170.6,182.4,141.5,100.7,101.0,115.6,98.0,112.1,89.6,105.3,86.0,102.9,175.0,202.0,86.9,98.7,81.9,93.9,110.0,144.7,92.5,149.0,121.0,143.9,142.3,73.8,84.3,94.3,104.5,116.3,64.8,73.0,77.5,76.2,75.9,83.9,90.2,95.1,78.1,87.3,83.7,93.2,39.8,46.8,54.3,57.8,55.5,61.2,89.0,77.4,45.0,46.8,120.7,148.0,159.3,197.7,40.3,49.2,64.4,95.7,185.9,225.2,184.7,235.2,158.7,108.9,161.2,208.7,223.1,242.6,144.1,162.7,182.7,210.9,204.7,224.8,134.6,152.1,173.9,250.5,123.2,176.9,901.4,1061.7,105.5,186.6,68.5,91.7,64.4,63.4,60.5,60.3,70.5,69.3,97.9,200.0,75.6,163.1,162.8,323.3,NA,NA
1998-S2,NA,NA,88.3,98.7,88.7,100.5,90.5,100.8,NA,NA,92.1,101.1,88.7,97.3,82.6,101.2,76.3,96.9,76.2,97.0,72.4,91.2,65.7,83.4,102.1,123.8,97.2,99.3,97.4,102.4,193.0,198.7,194.2,189.5,192.7,201.3,127.2,173.2,157.1,230.9,205.8,262.1,174.1,277.1,162.8,221.7,106.7,129.2,98.5,192.5,89.2,106.4,105.8,170.3,105.8,170.3,145.1,220.0,72.2,126.9,109.6,85.6,104.0,29.1,128.1,108.2,96.5,12.4,98.6,17.7,108.9,100.5,111.2,45.8,111.0,124.0,103.2,110.3,102.0,109.2,130.3,154.4,110.7,123.2,93.4,113.3,154.2,186.4,87.7,106.5,178.1,189.5,167.5,119.7,110.1,125.5,106.7,121.5,118.8,138.6,99.0,117.7,184.7,212.6,105.3,118.4,119.2,132.9,133.5,173.7,102.6,162.7,151.8,179.4,174.7,90.6,80.4,89.4,97.9,108.3,63.5,71.2,123.4,120.9,85.1,93.9,105.4,111.2,85.9,95.8,90.2,100.1,54.4,63.4,59.2,63.5,58.1,64.7,99.4,86.7,54.8,56.8,101.2,125.7,130.5,164.1,40.5,50.2,95.2,140.8,216.6,259.0,196.9,246.2,187.8,130.0,181.9,233.9,301.8,327.7,186.0,209.6,203.2,234.8,359.7,395.4,187.3,210.1,206.1,298.8,131.3,191.3,1171.4,1379.0,137.1,242.4,71.8,99.1,68.5,67.2,63.9,63.4,75.2,73.8,99.9,221.5,76.7,179.8,167.1,359.7,NA,NA
1999-S1,NA,NA,81.2,90.5,81.4,91.9,82.8,92.2,NA,NA,84.0,92.0,81.5,89.4,76.8,94.2,72.3,91.9,72.3,91.9,69.4,87.4,63.6,81.0,95.3,115.5,87.7,89.2,87.6,91.6,156.7,161.5,160.0,155.9,155.8,162.9,110.1,150.0,128.8,177.0,146.1,190.1,144.1,226.9,144.7,196.5,99.4,120.5,88.1,172.1,87.1,104.3,89.0,144.0,89.0,144.0,104.0,157.8,74.6,128.7,98.0,77.1,86.2,24.3,113.7,95.7,83.7,11.3,71.2,13.0,98.1,90.9,90.7,37.8,101.1,112.8,90.3,96.5,89.0,95.3,108.7,128.3,101.2,112.6,90.9,110.1,143.7,172.6,85.9,104.3,152.1,161.2,138.6,99.5,99.2,112.6,96.5,109.4,97.5,113.2,78.7,93.8,166.9,191.8,90.1,100.9,86.5,95.7,111.2,144.5,91.7,144.3,123.2,145.4,142.5,74.2,88.2,98.2,110.6,122.4,66.6,74.8,78.9,77.3,79.7,87.6,90.7,95.8,79.2,88.0,84.9,93.8,40.9,47.4,59.6,63.8,59.3,66.1,99.8,87.3,52.8,54.6,119.8,145.2,157.4,193.4,41.2,49.8,67.6,99.8,192.1,228.0,189.2,235.1,158.6,111.2,145.0,185.7,246.9,262.8,170.6,191.7,176.9,204.4,458.9,504.4,170.0,190.1,181.1,260.3,119.9,172.5,998.7,1166.7,116.9,205.1,66.5,88.4,64.2,62.8,60.9,60.5,69.7,68.2,90.3,186.8,68.2,150.2,154.3,308.9,NA,NA
1999-S2,NA,NA,89.0,98.6,89.2,99.9,90.8,101.2,NA,NA,92.5,101.2,89.2,97.6,83.0,103.0,76.5,98.3,76.4,98.3,73.3,93.6,67.4,87.0,100.0,121.8,98.3,98.3,98.2,100.7,188.3,194.2,145.8,142.2,200.8,210.6,116.2,159.9,120.8,184.0,157.4,206.3,170.5,267.2,143.6,195.3,110.3,134.0,95.6,183.8,84.8,103.4,100.0,153.0,100.0,153.0,112.0,169.8,87.6,135.2,110.3,85.9,111.3,32.6,129.8,108.1,101.8,14.2,101.0,19.3,109.4,100.8,120.4,50.9,109.7,122.1,102.5,109.4,101.2,108.3,131.9,155.8,109.1,121.0,94.1,113.8,158.2,189.4,88.2,106.7,166.4,176.2,162.2,117.4,108.3,122.7,105.1,118.9,130.8,151.4,106.4,127.3,170.0,195.4,108.1,120.5,122.8,133.7,135.8,175.5,102.4,160.1,155.5,182.9,189.1,98.9,84.0,93.5,103.4,114.5,65.3,73.2,122.7,120.4,86.8,95.4,104.3,110.1,85.9,95.2,90.0,99.4,55.2,63.8,62.4,67.0,59.7,66.4,106.2,93.9,61.3,63.6,100.6,123.6,129.1,160.8,41.5,50.9,97.1,143.1,218.1,254.5,201.7,248.6,195.5,139.5,182.7,232.3,295.7,304.6,219.7,246.7,232.1,268.3,584.6,642.4,217.0,241.9,201.8,293.8,122.1,181.1,1191.3,1395.2,139.5,245.1,73.5,89.3,68.0,66.2,64.9,64.4,73.5,71.3,109.0,179.0,88.2,152.2,168.9,269.4,NA,NA
2000-S1,NA,NA,83.5,92.0,83.9,93.3,85.2,94.9,NA,NA,86.2,94.1,83.7,91.5,78.0,96.6,74.4,95.2,74.4,95.2,71.8,91.1,66.7,85.7,94.7,115.0,90.2,89.8,90.4,92.1,148.0,153.1,105.9,103.7,160.5,168.5,109.2,148.7,129.6,183.2,141.9,186.2,126.6,194.9,125.4,170.1,103.9,126.5,88.4,167.6,87.7,107.0,97.7,143.5,97.7,143.5,106.6,160.6,87.9,125.7,103.0,81.2,96.2,29.1,118.7,99.3,90.8,14.1,70.5,14.2,102.6,95.2,103.5,44.8,104.7,116.5,90.3,96.5,89.0,95.4,119.5,140.9,104.4,116.1,100.9,121.8,165.1,196.9,94.9,114.9,162.9,172.6,137.9,100.6,97.7,110.3,95.4,107.6,98.0,113.2,88.8,106.0,148.2,170.5,93.2,103.6,88.8,95.8,114.3,147.9,100.1,156.1,123.8,145.4,162.7,85.4,92.6,103.1,116.3,128.4,70.1,78.4,79.2,77.8,82.0,89.9,90.3,95.3,79.9,88.5,85.7,94.4,40.9,47.4,62.5,67.0,61.4,68.0,98.2,87.5,59.0,61.3,128.3,155.0,170.1,208.1,40.8,49.0,67.6,99.3,198.5,230.8,187.2,229.3,162.6,117.0,176.7,224.2,258.6,264.8,218.3,244.3,235.9,272.6,755.2,829.8,203.2,225.8,202.2,291.1,118.3,172.1,1223.5,1424.6,143.2,250.3,69.4,79.5,64.9,63.3,62.1,61.7,70.2,68.2,100.6,143.6,79.5,119.8,161.7,223.6,NA,NA
2000-S2,NA,NA,90.3,99.1,90.5,100.2,91.5,101.8,NA,NA,93.0,101.6,89.9,98.2,82.8,103.0,77.2,99.2,77.2,99.3,74.3,94.8,68.5,88.7,100.0,121.8,99.7,98.5,99.8,100.6,176.2,182.8,121.7,119.2,192.3,202.6,115.6,157.1,121.9,184.2,148.2,192.5,159.0,241.8,139.1,188.3,114.0,138.3,87.6,165.0,93.8,114.9,103.7,145.9,103.7,145.9,110.2,162.9,95.4,128.3,110.7,87.4,113.8,36.7,132.3,110.8,103.9,18.7,99.9,21.5,109.4,101.3,123.5,55.2,109.6,121.7,102.4,109.1,101.1,108.1,134.3,158.0,108.9,120.7,98.9,119.1,168.5,200.7,92.5,111.7,177.1,188.2,155.7,114.9,104.7,117.9,102.0,114.7,122.8,141.6,106.1,125.8,150.7,174.1,111.2,123.3,128.3,137.7,138.7,178.4,114.6,177.6,153.5,179.6,194.1,103.2,88.3,97.7,108.7,119.7,68.6,76.5,118.9,116.8,88.7,97.1,103.6,109.3,87.3,96.5,91.7,101.0,54.7,63.0,65.7,70.3,62.7,69.2,105.0,94.4,66.5,69.0,107.5,130.3,139.6,171.3,41.1,49.6,93.5,137.0,218.0,251.1,199.6,241.7,188.4,136.2,205.8,259.6,288.5,294.0,243.7,273.0,245.9,284.3,567.9,624.1,251.9,279.1,218.1,315.4,127.3,187.3,1322.2,1539.2,154.8,270.5,79.4,86.4,69.3,67.9,66.1,65.8,75.1,73.3,131.7,159.5,116.0,146.7,176.3,205.4,NA,NA
2001-S1,NA,NA,85.0,92.6,85.5,93.9,86.7,95.2,NA,NA,87.2,94.1,84.9,91.9,80.7,97.8,77.2,96.1,77.2,96.2,74.9,92.6,69.1,86.6,100.6,119.3,90.9,90.2,91.1,92.4,146.5,151.3,103.1,100.8,159.3,167.2,106.7,141.1,127.3,166.8,142.5,175.3,151.1,222.9,123.5,165.0,102.5,123.0,82.2,152.3,82.3,99.9,99.8,139.9,99.8,139.9,112.4,164.3,86.9,116.8,99.9,79.8,92.0,30.8,118.0,99.2,88.3,18.2,68.8,14.8,99.6,92.4,98.1,44.7,102.0,112.9,90.2,95.8,89.0,94.8,117.0,137.3,101.7,112.4,95.1,114.0,134.8,159.7,91.0,109.6,161.3,170.6,132.1,98.1,97.8,109.3,95.9,106.8,92.9,106.5,90.9,106.9,141.0,162.1,94.0,103.4,91.6,97.6,119.5,152.5,111.0,170.3,126.2,145.9,154.2,82.9,91.6,100.5,117.7,128.3,66.6,73.6,76.8,75.2,84.2,91.6,90.1,94.7,81.2,88.7,86.5,94.0,44.6,50.7,66.3,70.7,65.5,72.1,91.6,83.0,64.6,66.4,122.8,143.2,162.5,191.9,39.8,46.2,64.7,94.2,200.8,230.8,182.5,218.3,160.6,116.6,165.5,206.9,284.3,293.8,252.2,281.4,228.0,263.4,627.2,689.3,273.7,300.7,173.3,242.5,126.6,176.8,871.2,998.5,102.0,175.4,72.9,82.1,65.0,63.8,62.9,62.7,69.8,68.4,116.0,154.3,96.2,134.7,172.5,221.4,NA,NA
2001-S2,NA,NA,91.2,99.1,91.3,100.1,92.7,101.5,NA,NA,93.5,100.7,90.9,98.0,86.7,104.5,81.4,101.1,81.5,101.2,79.1,97.5,72.7,90.7,107.3,126.7,98.3,97.3,98.2,99.5,170.5,175.1,122.5,119.0,184.6,192.9,113.1,148.8,123.2,173.8,150.1,180.2,155.1,221.7,137.4,181.3,111.6,133.7,86.5,159.4,83.4,99.9,100.2,144.2,100.2,144.2,115.9,171.1,85.0,119.1,105.7,84.2,105.9,37.0,127.3,107.2,96.8,22.2,97.4,21.0,104.9,97.1,114.2,53.0,105.5,116.4,101.2,106.8,100.0,105.8,134.3,156.1,104.8,115.2,95.3,114.2,144.8,170.5,90.6,108.8,164.7,172.8,145.1,108.3,101.9,113.0,99.5,110.0,116.2,132.1,107.5,125.4,141.5,161.2,109.7,119.7,127.5,134.0,137.1,172.6,120.6,181.5,148.1,169.8,179.4,96.5,87.2,95.1,110.0,119.4,65.3,71.6,116.3,113.6,90.1,97.6,102.3,107.1,87.1,94.0,91.7,98.4,54.5,61.1,69.8,74.1,67.4,73.6,93.7,85.1,73.0,74.2,102.9,123.2,133.2,161.6,40.0,47.9,90.1,130.1,208.6,238.7,194.6,230.0,182.4,134.0,169.0,209.7,283.2,295.8,288.4,320.1,251.0,289.7,643.4,707.0,321.9,351.2,190.2,266.8,125.5,176.1,1051.5,1199.8,123.1,210.9,77.1,88.2,67.1,65.6,61.8,61.3,74.2,72.5,128.1,176.0,108.3,155.7,185.0,246.1,NA,NA
2002-S1,NA,NA,82.8,89.4,83.0,90.3,84.3,91.6,NA,NA,84.8,90.5,83.1,89.0,81.6,96.9,79.0,96.3,79.0,96.3,77.1,93.3,70.6,86.4,105.6,122.9,85.8,85.0,85.8,86.7,134.2,137.2,100.4,96.9,144.1,149.6,104.6,135.3,119.8,152.1,134.2,162.4,143.6,200.8,121.0,157.6,103.0,122.6,83.7,146.9,78.0,93.5,89.1,124.2,89.1,124.2,94.8,135.8,81.7,111.1,90.0,72.0,77.7,27.4,107.9,90.7,77.8,18.9,63.1,13.9,90.1,83.4,80.2,37.5,93.5,102.5,85.1,89.2,84.0,88.1,112.4,128.9,93.1,101.5,91.0,108.3,126.6,148.1,87.5,104.4,137.5,143.4,119.5,89.4,87.6,96.3,86.1,94.2,83.6,94.4,93.2,107.3,116.2,131.6,89.9,97.3,90.7,95.1,106.6,132.4,103.2,152.2,110.3,124.9,126.0,67.0,88.9,96.8,120.4,130.3,58.8,64.3,74.3,72.5,82.0,88.6,84.8,88.0,77.0,82.1,82.6,87.7,39.6,43.9,68.1,72.8,67.6,75.0,85.9,78.7,67.6,68.2,119.9,138.7,159.7,186.9,36.5,42.0,60.9,87.3,176.3,199.6,167.8,194.6,148.4,110.2,135.2,165.2,237.2,248.0,248.6,274.2,190.9,220.4,681.5,748.8,285.5,308.2,168.4,229.8,117.8,159.9,884.2,988.9,103.5,173.7,69.3,79.0,65.8,63.9,61.4,60.5,72.1,70.0,97.6,139.5,73.0,110.8,168.6,234.8,NA,NA
2002-S2,NA,NA,89.9,98.0,89.9,98.7,91.2,100.1,NA,NA,92.2,99.5,90.0,97.3,87.9,106.1,83.6,103.8,83.7,103.8,81.7,100.8,73.4,91.7,117.9,139.2,94.6,94.1,94.4,95.8,158.1,162.2,110.6,106.9,172.3,179.6,109.8,143.4,111.3,164.0,140.1,171.0,155.3,212.5,131.7,170.1,110.3,130.2,85.9,150.5,84.3,101.6,94.6,130.4,94.6,130.4,99.3,141.3,88.1,117.8,97.8,78.9,90.3,33.9,118.0,100.6,85.8,24.0,89.6,20.4,97.8,90.6,95.0,45.5,99.7,109.2,97.0,101.8,95.8,100.6,113.6,129.9,99.0,108.2,95.1,113.4,130.7,152.5,91.4,109.5,138.7,145.0,133.7,101.1,94.5,103.7,92.8,101.3,108.2,121.2,115.3,132.4,112.5,127.7,106.3,115.4,127.6,134.3,125.2,154.9,110.4,162.0,135.1,152.9,149.3,80.1,84.6,92.2,112.7,122.2,57.7,63.3,115.5,113.0,88.9,96.5,98.4,102.8,83.5,88.8,88.2,93.5,49.5,54.7,72.2,77.7,70.3,78.5,90.5,83.6,75.6,76.3,100.4,120.8,130.9,159.5,36.8,44.1,82.5,118.1,189.7,214.9,178.9,206.0,172.1,130.2,145.4,176.9,256.4,270.7,285.9,314.9,264.5,305.8,585.8,643.7,313.4,337.8,175.6,244.2,119.3,167.5,946.0,1063.8,110.7,186.9,77.3,87.8,71.4,69.7,63.7,62.8,80.4,78.6,114.5,159.4,88.7,130.6,188.9,255.4,NA,NA
2003-S1,NA,NA,82.0,88.8,82.3,89.5,83.6,91.1,NA,NA,83.8,89.8,82.2,88.4,82.2,97.9,79.7,97.2,79.7,97.3,78.1,94.7,71.4,87.8,107.7,125.2,83.9,83.5,84.1,85.2,129.6,132.8,91.9,88.9,140.7,146.5,101.2,129.4,111.9,150.4,120.9,148.5,133.2,182.1,122.5,156.4,104.9,123.0,79.5,130.7,72.4,87.2,91.8,121.4,91.8,121.4,95.8,131.1,85.7,109.7,88.1,71.8,71.5,28.1,100.7,86.2,65.0,19.9,62.2,14.5,89.6,83.0,77.9,37.9,92.7,101.2,81.4,85.6,80.2,84.5,94.9,108.4,92.6,100.9,95.8,113.5,122.2,141.7,92.9,110.7,128.5,134.1,110.2,83.7,85.0,92.8,83.9,91.2,73.8,82.3,90.9,104.1,105.9,119.8,85.7,92.7,89.1,93.4,100.1,122.2,89.1,127.8,107.5,120.5,122.4,65.8,82.4,90.0,116.7,126.7,49.6,54.4,75.9,74.3,80.5,87.4,81.1,84.9,74.8,79.6,80.4,85.5,35.9,39.7,69.0,74.5,68.1,76.8,82.3,76.5,69.9,70.5,123.8,144.0,165.7,195.1,35.5,41.1,55.4,79.0,160.5,180.6,157.6,180.4,151.6,116.5,125.4,150.2,200.8,211.3,230.8,253.3,141.3,163.4,541.9,595.6,290.5,311.2,158.9,215.4,116.2,157.8,797.9,881.0,93.4,154.8,68.6,76.5,65.0,63.5,59.9,59.2,71.8,70.3,96.4,129.2,74.3,105.2,160.3,209.0,NA,NA
2003-S2,NA,NA,88.9,96.6,88.9,97.5,90.7,99.3,NA,NA,90.8,97.6,89.0,96.2,89.2,106.7,85.4,104.6,85.4,104.6,83.7,101.9,75.6,93.4,119.0,138.8,91.5,91.6,91.7,93.4,152.5,156.7,107.8,104.5,165.7,173.0,108.2,138.3,106.9,151.7,130.6,160.7,139.8,189.3,135.1,171.5,114.7,133.7,83.6,137.0,76.0,91.3,98.1,131.4,98.1,131.4,101.8,139.8,92.0,120.4,94.2,77.3,82.0,34.1,110.6,96.1,70.5,24.6,85.8,20.7,95.3,88.5,90.7,45.1,97.5,106.4,90.9,96.0,89.7,94.9,103.8,118.1,97.1,105.6,95.1,112.6,127.3,147.0,91.7,109.2,137.1,143.3,129.3,99.1,91.4,99.5,89.9,97.6,105.6,117.3,105.1,119.8,108.9,123.3,100.9,109.1,125.2,130.2,116.0,141.6,97.4,138.7,127.8,143.7,142.5,77.1,77.7,85.2,110.1,119.9,46.9,51.6,113.6,111.9,87.6,95.5,92.5,97.0,77.6,83.2,82.2,88.0,45.2,50.0,74.7,80.9,73.6,82.8,88.8,84.3,76.7,77.2,102.9,123.2,135.2,164.0,35.5,42.4,76.9,109.7,176.3,198.6,178.1,202.1,169.3,134.6,141.6,169.5,207.6,222.1,256.2,281.2,195.3,225.6,559.3,614.5,302.8,324.1,160.0,218.4,116.6,159.9,806.1,894.2,94.4,157.1,72.0,82.1,67.5,66.2,60.8,60.1,75.6,74.2,103.8,145.2,81.6,120.6,167.7,227.5,NA,NA
2004-S1,NA,NA,83.6,90.7,83.9,91.5,85.6,93.4,NA,NA,85.8,92.0,84.0,90.5,85.3,101.2,83.0,100.7,83.0,100.7,81.7,98.6,75.7,92.5,108.7,125.6,84.3,84.4,84.7,86.3,127.9,131.8,95.2,92.5,137.7,144.0,100.3,126.4,98.8,133.9,121.9,150.3,130.5,177.8,120.3,152.5,106.1,122.8,78.7,121.5,72.2,86.9,96.3,124.6,96.3,124.6,102.2,135.5,88.6,112.1,91.4,75.7,74.2,31.9,98.4,85.7,66.3,24.5,67.5,17.1,93.4,87.2,81.2,41.4,96.0,104.9,83.1,87.9,82.0,86.9,87.9,99.9,96.2,104.7,99.5,117.4,119.7,137.8,97.2,115.2,118.8,124.1,117.3,91.0,89.0,97.1,88.0,95.7,82.5,91.2,90.7,103.4,106.6,120.6,87.1,94.3,97.1,100.3,102.1,123.9,90.1,126.6,110.1,123.2,127.5,69.2,80.1,88.7,111.3,122.5,50.2,55.9,75.8,75.1,80.1,87.5,83.5,87.8,75.2,80.8,80.3,86.0,39.7,44.1,68.4,74.6,67.2,76.2,75.7,73.2,72.1,72.6,123.4,145.0,162.2,193.1,42.4,49.5,55.7,79.3,147.2,166.2,137.8,156.2,144.7,120.0,114.7,135.6,198.0,211.9,256.0,281.4,166.6,192.4,672.1,738.6,312.7,335.3,158.6,212.5,107.9,144.6,852.7,932.4,99.8,163.7,67.5,75.6,65.1,64.0,63.7,63.2,69.4,68.3,91.1,122.8,68.1,97.4,158.0,206.9,NA,NA
2004-S2,NA,NA,90.7,98.6,91.0,99.3,92.9,101.6,NA,NA,92.5,99.6,90.6,98.1,91.6,109.4,88.0,107.3,87.9,107.4,86.6,105.3,78.3,96.4,123.2,143.1,92.9,93.0,93.4,94.7,149.8,154.9,112.8,110.0,160.7,169.0,106.7,133.9,91.7,134.7,131.0,161.0,136.8,184.0,131.8,167.1,114.2,131.6,84.6,125.0,75.2,90.9,105.1,130.8,105.1,130.8,113.6,146.6,95.0,114.5,97.9,81.3,87.1,38.9,108.3,95.2,75.1,29.4,98.4,26.8,99.3,92.7,95.5,50.0,100.5,109.7,95.4,101.2,94.0,99.9,106.9,121.2,100.2,109.0,97.9,115.4,124.3,142.5,95.0,112.6,126.6,132.6,134.3,105.7,95.5,103.8,93.9,101.7,112.7,124.5,105.1,119.8,113.0,127.9,103.7,112.6,136.4,139.9,117.7,142.1,99.1,137.4,129.4,145.0,150.1,82.1,76.5,85.7,103.3,114.7,51.0,57.3,115.4,115.7,88.5,96.9,97.3,102.6,80.5,86.9,85.5,92.0,45.4,50.7,75.5,82.7,73.9,84.3,83.5,82.0,80.1,81.0,104.1,125.7,133.8,163.3,43.0,51.8,74.7,105.8,157.8,177.7,138.5,156.0,166.2,143.2,129.0,151.4,226.5,241.3,282.7,309.7,206.5,238.6,560.3,615.8,342.2,365.6,161.0,216.8,108.4,146.7,874.7,955.9,102.4,167.9,73.0,78.8,65.9,65.0,61.3,61.0,72.4,71.6,113.2,134.6,97.5,121.5,158.3,181.3,NA,NA
2005-S1,NA,NA,85.4,92.3,85.6,92.7,87.2,94.9,NA,NA,86.8,93.1,85.4,92.1,88.1,104.0,86.2,103.7,86.3,103.7,85.3,102.2,78.3,94.9,116.6,134.2,85.1,85.4,85.4,86.6,123.3,128.0,97.0,95.1,131.0,138.2,99.2,122.2,93.0,123.8,113.4,139.4,134.9,179.7,121.4,153.4,104.2,119.7,82.8,114.4,73.3,88.3,94.5,112.3,94.5,112.3,96.8,116.2,89.7,105.5,91.0,76.3,79.7,37.1,97.0,85.3,81.6,34.3,87.3,25.6,91.4,85.6,79.1,42.5,94.0,102.3,84.8,91.0,83.8,90.1,98.9,111.4,93.9,102.0,97.7,114.5,123.8,141.5,94.8,111.7,112.0,117.6,113.0,90.0,86.9,94.3,86.0,92.8,95.3,105.2,88.8,101.5,104.0,117.8,88.2,96.5,98.3,102.8,96.7,115.4,84.0,114.5,104.9,116.4,124.4,69.6,83.9,94.4,94.5,105.2,73.6,83.8,77.9,78.7,81.7,89.6,85.1,90.9,76.9,83.6,80.8,87.5,48.7,54.8,72.6,79.4,72.5,82.4,79.2,80.0,73.1,74.2,117.6,137.1,150.5,177.7,49.3,58.1,59.4,83.8,127.0,140.7,107.7,120.6,149.2,130.9,121.1,140.1,177.8,183.8,224.4,245.7,209.8,242.4,601.9,661.4,236.9,252.9,148.9,194.6,126.0,164.2,627.2,673.8,73.4,118.2,69.8,75.2,64.0,63.8,63.3,63.7,67.8,67.6,105.6,122.0,89.7,106.5,151.3,175.9,NA,NA
2005-S2,NA,NA,92.2,100.0,92.3,100.2,93.7,102.3,NA,NA,93.1,100.6,91.5,99.3,92.4,110.2,89.5,108.6,89.4,108.6,88.3,106.9,81.1,99.5,120.1,139.2,94.4,94.5,94.7,95.5,142.1,148.2,113.9,112.1,150.5,159.4,104.9,129.3,89.9,133.3,122.9,151.0,150.6,198.2,134.0,168.6,109.3,125.1,86.5,115.8,77.0,93.3,104.6,113.2,104.6,113.2,105.1,115.0,100.8,108.1,98.4,83.5,94.1,46.5,109.1,96.8,90.2,40.3,104.7,36.3,98.6,92.9,97.5,54.9,99.3,108.0,96.3,104.0,95.6,103.5,111.3,124.2,98.9,107.2,97.7,113.9,132.8,151.1,94.0,110.2,119.9,126.2,127.9,103.6,94.4,102.2,92.5,99.9,126.4,139.7,105.3,120.3,114.0,129.0,106.3,117.2,143.1,152.3,109.4,131.0,94.3,127.3,119.4,133.1,153.2,90.6,82.1,92.5,91.0,101.8,73.3,83.8,116.1,118.3,89.6,98.3,97.7,105.3,85.4,93.4,88.2,96.1,62.8,70.6,78.0,85.3,77.0,87.3,85.1,86.4,81.2,82.4,102.0,120.6,127.4,152.9,50.4,58.8,82.9,116.0,143.5,154.9,115.8,129.6,168.4,148.7,141.1,162.8,211.7,203.1,247.5,269.8,257.4,297.3,551.2,605.6,252.7,267.9,159.6,211.3,125.2,166.8,743.8,795.7,87.0,139.2,79.4,82.5,66.6,66.7,61.4,62.3,73.5,73.8,140.1,145.0,134.1,135.0,156.8,182.0,NA,NA
2006-S1,NA,NA,86.4,93.0,86.7,93.3,88.2,95.5,NA,NA,87.0,93.3,85.9,92.5,88.3,103.4,86.7,103.2,86.6,103.2,85.7,101.8,79.8,95.7,112.7,129.1,86.4,86.6,87.0,87.6,121.0,126.2,97.0,95.7,128.0,135.6,99.1,120.3,92.2,120.7,109.4,134.1,130.2,166.8,122.8,153.9,100.2,114.5,91.5,120.5,74.0,88.3,100.4,107.3,100.4,107.3,99.5,107.3,97.9,103.5,92.0,78.5,80.5,41.4,95.7,84.9,77.5,36.2,81.7,31.6,92.8,87.7,83.9,48.7,94.9,103.0,87.0,94.3,86.1,93.5,97.6,108.5,95.0,102.8,97.6,113.1,119.2,135.2,95.1,110.6,115.1,120.8,110.2,90.4,89.2,96.4,88.5,95.3,94.8,104.5,81.5,93.4,104.8,118.7,85.4,94.0,101.1,106.5,94.6,112.6,83.6,111.9,102.0,113.5,131.9,80.9,75.4,85.4,78.9,88.3,71.8,82.6,80.7,82.3,84.0,92.0,87.5,94.5,79.6,87.4,83.1,91.0,53.1,59.6,75.1,82.0,75.1,85.1,75.9,77.4,77.0,77.9,116.3,133.0,142.5,164.3,64.3,74.6,63.8,88.0,127.8,137.1,104.5,115.7,140.5,124.1,136.1,156.0,181.9,173.7,221.4,240.3,242.6,280.2,728.1,800.2,206.2,216.4,143.1,184.7,118.5,151.9,621.7,661.3,72.8,115.8,71.6,74.3,60.4,60.9,61.6,62.9,62.9,63.2,125.1,128.2,119.1,118.9,142.1,162.3,NA,NA
2006-S2,NA,NA,92.8,100.0,93.1,100.3,94.8,102.7,NA,NA,93.9,100.6,92.1,99.3,92.2,107.3,89.4,105.5,89.3,105.5,88.2,103.8,81.5,96.9,118.0,134.0,95.6,96.5,96.0,97.3,141.4,147.1,113.1,111.6,149.7,158.3,105.1,126.2,91.3,121.4,114.2,138.2,147.2,182.8,129.9,162.0,110.4,124.3,94.8,122.4,76.0,89.2,107.7,116.8,107.7,116.8,107.5,118.0,104.2,112.0,103.4,89.9,97.2,53.6,107.5,97.6,85.7,44.5,105.8,46.8,104.4,99.5,105.8,64.2,104.7,113.5,98.6,106.6,97.8,105.8,113.6,125.2,104.4,113.1,102.6,118.2,139.7,156.7,98.7,114.4,127.7,133.5,133.6,110.6,100.0,108.3,98.8,106.6,124.6,136.6,101.2,115.9,116.7,131.8,103.1,114.2,145.4,156.2,108.7,129.1,91.5,121.5,119.6,133.0,166.3,107.3,73.1,82.9,76.0,85.2,70.0,80.8,116.9,119.3,90.7,99.6,99.4,107.2,89.0,97.6,92.7,101.4,61.2,68.7,78.7,86.6,76.1,87.5,79.7,80.8,87.8,88.2,101.7,117.0,120.0,139.9,66.9,76.3,85.8,116.8,141.9,152.2,113.5,126.1,153.3,135.6,140.2,159.5,213.4,204.0,247.1,266.6,276.0,319.1,664.1,729.7,235.0,244.5,147.5,188.8,117.4,149.2,673.1,709.7,78.8,123.9,77.3,80.1,63.8,64.4,60.1,61.5,69.7,70.3,139.3,142.9,135.2,135.9,150.7,170.7,NA,NA
2007-S1,NA,NA,85.1,92.4,85.5,92.7,87.8,95.6,NA,NA,86.5,93.1,85.4,92.4,87.9,101.3,86.5,100.9,86.5,101.0,85.7,99.7,78.8,92.4,116.7,131.7,84.5,87.0,85.0,88.0,116.8,123.4,89.3,90.1,124.9,133.8,97.1,115.6,88.4,109.3,103.6,124.7,127.9,155.9,121.2,148.9,98.9,112.2,85.1,109.9,79.7,91.6,98.5,107.0,98.5,107.0,98.6,108.5,95.1,102.3,91.9,82.5,86.7,52.2,93.2,87.4,90.6,52.7,81.7,40.2,92.1,89.6,86.1,55.6,92.8,102.1,87.7,96.5,86.9,95.7,94.5,105.3,92.9,102.0,98.3,114.7,117.1,132.0,95.9,112.6,94.7,101.0,106.5,90.5,86.6,95.2,86.2,94.4,97.1,107.3,82.5,95.9,93.5,107.4,86.6,96.3,101.6,107.6,95.5,113.4,80.7,105.8,104.8,117.3,135.4,94.1,77.5,89.0,79.4,90.1,75.6,88.1,80.5,83.6,83.8,93.0,88.3,96.7,80.2,89.6,83.9,93.6,53.0,60.3,76.2,84.4,75.2,86.5,73.9,76.3,81.7,83.5,114.2,126.9,137.1,153.5,69.4,78.5,63.3,87.3,109.4,120.5,93.5,105.5,125.1,112.8,120.4,138.3,143.7,144.3,217.0,234.5,258.1,298.2,465.9,512.0,204.2,213.1,131.4,166.5,101.6,125.6,621.7,660.5,72.8,115.8,62.4,67.4,58.6,60.4,59.5,62.2,61.1,62.8,89.6,97.7,78.7,86.3,120.9,137.3,NA,NA
2007-S2,NA,NA,91.2,98.2,91.5,98.6,93.8,101.5,NA,NA,92.4,99.0,91.0,98.1,91.4,103.9,88.8,101.7,88.6,101.7,87.7,100.3,80.1,92.3,121.2,134.6,93.2,95.9,93.7,96.6,136.8,143.9,111.9,112.6,144.2,153.5,101.9,119.5,83.0,104.8,111.6,132.5,144.7,175.4,134.3,161.5,104.0,116.2,85.9,110.6,83.1,92.2,106.5,110.4,106.5,110.4,106.6,111.9,102.9,105.6,99.6,91.3,104.8,67.2,105.5,100.9,105.2,67.6,89.0,49.3,99.2,97.0,107.7,72.1,97.6,106.5,100.0,109.2,99.0,108.4,109.4,120.6,97.2,105.9,97.1,112.4,118.8,133.7,94.6,110.1,103.0,108.9,126.0,107.2,92.8,100.9,91.4,98.9,123.2,134.0,96.8,111.4,110.4,125.2,104.8,115.9,146.4,155.0,111.5,131.8,91.1,118.3,124.1,138.3,169.2,123.2,75.3,85.8,72.8,82.1,77.5,89.5,116.6,121.4,91.1,100.5,101.6,110.7,88.2,97.8,91.7,101.5,61.7,69.2,80.8,89.1,78.4,90.0,78.9,81.2,90.0,91.3,99.1,111.7,113.8,129.7,72.1,81.6,86.8,118.4,122.1,130.7,97.8,109.1,141.7,126.6,127.2,144.1,178.4,168.3,217.0,233.1,232.3,268.5,473.3,520.1,218.4,225.4,136.2,171.5,106.9,131.3,634.1,670.0,74.2,117.3,69.5,72.6,61.3,62.8,58.5,60.9,66.2,67.8,113.4,113.7,108.1,105.4,127.9,144.3,NA,NA
2008-S1,NA,NA,86.8,92.0,87.3,92.2,89.2,94.8,NA,NA,87.4,92.0,86.5,91.8,88.1,97.0,86.8,96.4,86.9,96.4,86.2,95.3,82.9,91.9,102.6,111.1,87.0,88.8,87.8,89.6,113.7,120.2,91.5,92.8,120.3,128.6,95.9,109.5,92.1,103.2,101.3,118.9,100.7,123.4,109.3,125.5,97.1,106.5,90.8,113.1,80.7,88.5,106.3,104.2,106.3,104.2,108.9,108.5,101.1,97.9,94.3,86.4,93.7,61.7,94.1,91.4,97.6,63.9,79.8,47.7,94.6,91.4,93.5,62.9,94.2,102.1,88.8,96.7,87.7,95.8,93.8,105.1,94.4,101.9,100.9,115.3,115.7,132.0,99.0,113.5,96.0,100.0,101.9,91.8,88.5,94.6,88.0,93.6,93.5,107.0,84.4,95.8,98.2,109.4,87.0,96.3,97.8,104.3,93.1,110.5,76.8,97.5,103.1,116.3,163.4,124.9,80.6,90.7,81.9,93.4,79.3,88.6,79.6,83.1,85.7,94.3,89.5,97.3,80.1,88.5,84.0,92.7,51.8,57.9,78.7,86.9,77.9,89.6,74.7,76.8,84.2,84.8,111.6,125.6,132.8,151.9,72.2,79.1,70.4,94.1,110.4,115.5,89.3,98.9,119.6,107.0,118.2,132.0,154.6,140.0,213.2,235.5,276.5,306.3,633.0,698.1,184.5,203.2,134.1,154.9,109.0,124.2,501.1,562.0,90.5,103.1,69.4,69.2,61.0,62.3,58.9,62.7,65.7,65.9,113.7,99.9,116.0,94.7,108.3,122.6,NA,NA
2008-S2,NA,NA,93.4,98.9,93.7,99.0,95.1,101.3,NA,NA,93.5,98.8,92.3,98.2,92.6,102.0,90.4,100.0,90.4,100.0,89.6,98.8,86.5,95.8,104.7,113.2,95.8,97.8,96.2,98.5,131.7,138.8,113.2,114.7,137.2,146.0,101.2,114.7,88.1,102.9,110.0,125.5,107.2,131.0,117.7,133.1,104.0,113.1,93.7,116.0,82.6,90.2,105.8,108.3,105.8,108.3,108.8,113.4,100.0,100.9,100.9,94.1,108.5,74.8,104.4,102.7,109.4,77.9,80.9,50.2,100.9,98.4,112.4,78.5,98.5,105.8,101.7,110.2,100.7,109.2,107.6,121.1,98.2,105.2,99.7,112.9,116.3,129.8,97.8,110.9,101.3,105.5,120.4,108.7,93.7,99.2,92.1,97.1,120.2,135.8,97.3,109.1,115.2,126.9,104.1,114.4,141.6,151.0,107.4,126.9,83.6,104.9,121.5,136.8,149.4,120.2,79.9,88.8,75.8,85.8,83.4,91.6,113.8,118.5,92.7,101.7,102.9,111.2,91.2,100.2,95.1,104.2,62.1,68.8,83.0,91.3,80.4,92.6,78.9,80.7,93.1,93.4,99.6,112.0,111.2,128.2,78.4,84.0,92.8,121.9,117.6,122.4,88.9,98.3,133.0,118.7,112.9,125.4,188.8,172.1,213.0,234.1,251.0,276.1,349.3,382.0,206.7,226.4,143.3,164.6,115.7,131.7,557.9,618.6,94.2,105.5,80.6,79.2,64.8,65.9,59.5,63.1,71.8,71.6,150.3,133.0,162.9,136.2,111.8,125.7,NA,NA
2009-S1,NA,NA,83.8,88.7,83.9,89.0,86.1,91.5,NA,NA,84.1,88.2,83.8,88.3,85.4,93.5,84.7,93.4,84.7,93.4,84.3,92.6,81.6,90.1,97.5,105.2,83.3,85.6,83.5,86.3,101.9,106.8,90.6,91.5,105.2,111.5,90.8,101.8,90.0,102.8,98.9,112.0,105.3,127.0,103.2,116.2,87.3,94.9,87.0,106.5,80.4,88.3,87.3,99.5,87.3,99.5,90.0,104.2,82.4,92.7,90.7,83.6,92.2,65.5,91.0,89.4,85.9,64.3,75.3,48.1,91.9,88.1,97.5,69.7,90.2,94.9,84.3,90.5,83.8,90.0,88.8,99.9,90.3,94.7,96.9,105.4,91.8,101.1,97.6,105.9,88.3,90.9,87.7,78.9,86.3,90.6,86.8,90.7,85.3,95.3,83.6,91.5,80.6,87.7,86.5,93.5,96.8,101.5,94.8,109.2,89.6,110.7,98.2,108.0,102.0,85.4,81.5,89.8,85.3,95.4,78.4,85.5,76.0,78.6,84.4,91.7,83.5,89.4,83.6,90.7,86.6,93.8,59.0,64.7,79.3,86.7,79.1,90.3,69.6,71.3,84.0,83.9,112.0,123.1,130.5,146.6,77.7,81.8,79.4,99.8,96.0,103.4,83.9,92.1,115.2,98.0,77.9,85.6,134.7,140.8,159.8,172.9,218.3,236.7,133.2,143.8,149.8,161.9,100.1,112.4,101.7,115.2,102.8,113.2,80.5,89.0,62.4,67.0,57.8,58.3,58.9,62.2,59.9,59.3,92.8,103.4,96.4,107.5,85.0,94.9,NA,NA
2009-S2,NA,NA,90.3,96.2,90.3,96.2,93.1,99.5,NA,NA,91.2,96.4,90.5,96.2,90.0,99.7,88.3,98.6,88.4,98.7,87.6,97.7,84.5,94.7,103.5,112.2,91.9,94.2,91.7,94.7,119.5,124.8,110.6,111.6,121.6,128.2,97.2,109.8,81.6,104.0,105.6,119.9,115.4,136.2,111.9,126.2,98.3,106.7,90.3,106.6,84.5,93.8,93.4,101.2,93.4,101.2,95.1,104.8,89.9,96.3,100.0,93.6,110.7,79.8,100.5,99.6,96.6,72.5,91.1,60.2,100.7,97.8,119.8,88.1,96.8,101.1,98.5,105.3,98.1,104.9,109.3,120.8,96.3,100.4,99.5,107.4,98.7,107.4,99.3,107.3,94.9,97.8,105.4,94.9,93.2,96.9,92.5,95.9,114.4,126.2,101.6,109.5,90.8,97.6,104.1,112.5,138.0,144.2,110.3,125.7,99.1,120.3,117.7,128.5,129.4,112.9,81.9,89.7,74.7,83.1,87.2,94.6,114.0,118.4,92.6,100.3,97.9,104.4,96.4,103.9,98.7,106.5,74.9,80.5,85.8,93.3,83.1,93.9,80.7,82.7,97.2,96.9,97.0,106.9,106.6,120.8,79.5,83.2,100.2,124.9,103.0,109.8,86.9,95.8,128.6,110.0,97.7,106.0,137.2,139.3,173.8,186.3,224.4,241.4,192.6,205.9,163.6,175.0,107.5,123.0,108.3,125.4,114.5,124.2,91.2,99.9,63.4,66.8,60.2,60.4,64.1,67.1,60.7,59.7,90.4,96.3,88.5,93.2,96.2,107.4,NA,NA
2010-S1,NA,NA,85.1,89.7,85.4,89.8,87.8,92.9,NA,NA,85.3,89.5,85.0,89.7,85.5,93.1,84.8,92.8,84.8,92.8,84.4,92.2,81.8,89.8,96.7,103.6,85.4,87.4,85.7,87.7,101.3,105.2,94.1,94.7,103.2,108.1,90.1,100.4,84.9,93.3,93.5,106.0,99.9,115.8,100.6,113.8,87.0,94.6,94.1,110.8,81.6,89.7,93.2,94.2,93.2,94.2,95.0,97.6,89.8,89.6,93.4,88.2,96.3,72.2,92.6,92.2,84.7,64.4,88.7,62.7,94.3,91.7,101.4,76.7,92.3,96.0,87.3,92.5,86.8,92.1,90.6,99.3,92.4,96.0,102.7,110.1,94.1,100.3,103.7,111.3,87.4,89.9,94.5,85.3,85.0,88.5,85.4,88.6,90.5,98.7,83.7,89.2,77.9,83.1,87.9,94.6,94.5,97.9,96.7,109.2,96.0,115.0,97.0,105.2,107.6,97.3,83.9,91.6,86.2,94.3,82.1,89.4,79.3,83.2,87.5,94.3,86.8,91.7,86.1,91.8,88.6,94.4,63.6,68.4,83.0,90.5,81.4,92.3,76.1,77.9,91.2,91.2,108.6,117.3,124.1,137.0,81.3,84.7,88.5,108.8,95.2,99.8,85.0,93.4,123.5,105.2,75.4,80.9,130.9,126.3,186.3,197.2,264.5,280.8,209.9,221.1,166.3,175.7,99.6,110.5,102.2,114.1,90.7,97.6,82.6,90.4,61.8,62.8,55.5,55.5,65.8,68.6,51.9,50.8,96.0,94.2,97.0,91.5,95.4,104.7,NA,NA
2010-S2,NA,NA,93.1,98.0,93.2,98.1,95.6,101.1,NA,NA,93.5,97.9,92.9,97.8,91.4,99.4,89.8,98.2,89.9,98.2,89.0,97.3,86.2,94.4,103.7,111.3,95.7,97.8,95.9,97.9,121.6,126.3,113.4,114.8,123.6,129.5,98.2,109.5,89.6,102.1,100.5,113.4,108.7,124.4,111.9,126.0,97.4,105.2,100.9,118.6,85.6,94.1,99.9,100.3,99.9,100.3,100.3,102.2,98.7,97.7,103.0,97.5,113.3,85.9,104.6,103.5,102.3,78.6,99.0,67.5,103.2,100.7,119.5,92.8,99.6,103.6,104.1,110.8,103.7,110.4,110.6,121.1,99.3,102.9,105.4,112.3,107.2,114.2,104.8,112.0,95.4,98.2,107.0,97.3,94.2,97.8,93.7,97.1,118.3,128.4,97.7,103.3,91.8,97.4,106.8,114.7,133.7,140.0,113.5,127.9,106.1,126.1,118.5,128.8,126.6,119.6,88.3,95.5,75.8,82.3,97.8,105.3,116.7,121.7,96.7,103.8,102.7,109.0,106.0,113.7,108.8,116.6,81.9,88.2,88.6,95.9,85.7,96.2,83.8,85.1,100.8,100.8,96.7,104.7,102.4,113.4,85.1,88.7,111.1,133.0,107.4,111.4,88.1,96.4,133.8,116.5,97.5,103.9,151.2,141.6,192.4,204.0,246.6,262.8,141.1,149.6,187.1,198.1,101.2,112.8,100.2,112.3,102.3,110.5,107.7,117.2,70.5,70.8,61.6,61.7,69.2,72.2,59.8,58.7,115.4,109.2,120.5,108.7,103.0,112.9,NA,NA
2011-S1,86.2,89.1,87.6,91.2,88.0,91.3,90.3,94.4,83.5,86.8,88.0,91.4,87.4,91.4,87.7,93.9,87.0,93.6,87.0,93.6,86.4,92.8,84.3,90.9,96.8,102.4,88.1,89.5,88.7,89.7,104.9,108.7,93.7,94.8,107.5,112.3,93.4,102.3,94.4,103.1,94.9,105.5,103.5,116.6,103.6,114.4,89.4,95.2,97.0,112.8,86.1,92.7,101.7,94.1,101.7,94.1,100.4,95.1,103.0,93.1,96.2,92.1,96.0,77.1,95.6,94.9,89.2,73.1,82.5,63.0,97.4,95.2,100.6,81.4,96.0,99.3,90.5,95.7,90.1,95.3,93.8,101.6,96.3,99.4,106.3,112.3,107.3,113.0,105.9,112.2,89.7,93.7,91.5,84.1,90.1,93.1,90.4,93.2,96.7,104.3,83.7,87.6,84.9,89.9,90.9,97.1,92.4,98.3,99.1,110.3,98.9,116.1,99.1,106.7,108.6,102.6,88.3,94.3,96.5,102.5,83.4,89.6,84.7,88.4,89.5,95.4,90.0,95.1,89.4,94.5,91.6,96.7,69.5,74.6,83.7,90.3,81.9,91.6,78.7,79.4,92.2,92.2,111.7,119.0,125.7,136.4,85.6,88.8,97.0,112.6,99.8,100.0,87.5,95.0,119.5,107.3,89.5,95.3,134.0,111.2,174.2,184.1,233.9,247.6,135.5,144.2,166.4,175.7,94.3,102.9,96.2,105.6,87.1,93.0,79.9,86.2,66.0,64.0,58.9,59.3,68.4,71.5,55.9,55.4,103.5,86.8,106.1,81.8,99.8,107.3,NA,NA
2011-S2,91.7,94.1,95.0,98.5,95.4,98.6,97.4,101.4,90.7,93.9,95.3,98.8,94.5,98.4,93.2,99.0,91.9,98.1,92.0,98.1,91.2,97.2,88.9,94.9,102.7,108.4,97.6,99.0,98.1,98.9,119.0,122.6,117.7,119.3,119.3,123.4,99.8,108.2,83.4,98.3,104.2,112.8,112.0,124.4,112.4,122.0,99.4,104.6,103.0,116.7,89.8,95.7,108.0,99.0,108.0,99.0,105.4,98.7,111.1,99.4,105.1,102.3,112.3,95.5,106.8,106.5,101.5,88.4,91.4,75.6,106.1,104.8,119.8,102.3,102.9,106.1,103.7,108.0,103.5,107.8,112.6,119.3,102.7,105.7,107.8,113.1,109.6,115.3,107.3,112.5,99.9,103.0,108.7,101.6,98.6,101.6,98.3,101.1,123.9,132.3,96.7,100.5,96.7,102.3,106.1,113.2,130.4,138.3,112.7,124.4,103.8,119.8,118.5,126.9,129.2,126.3,88.3,94.1,77.5,82.0,95.2,101.6,119.8,124.0,97.7,103.1,103.0,106.9,103.5,108.8,104.7,110.0,91.8,96.8,88.9,95.6,85.6,95.5,84.7,85.6,102.0,101.8,98.2,104.8,103.1,112.3,89.0,91.6,130.2,145.7,112.1,110.9,86.7,93.3,133.2,123.7,108.9,115.7,162.3,131.1,185.6,192.3,266.6,277.2,180.8,186.5,166.8,172.9,101.7,111.1,101.3,111.5,97.4,102.4,111.0,119.0,76.4,73.0,65.0,65.4,70.8,72.9,64.2,64.1,131.8,106.9,140.9,105.0,106.5,113.6,NA,NA
2012-S1,89.2,90.7,90.4,92.4,90.8,92.4,92.7,95.1,88.1,90.0,90.3,92.3,89.9,92.4,90.3,94.2,90.3,94.4,90.3,94.4,89.8,93.9,87.8,91.8,100.0,103.4,90.5,91.0,91.3,91.1,97.7,99.9,93.3,94.4,98.8,101.2,95.3,101.0,94.3,102.3,99.9,105.3,105.1,113.1,105.2,112.1,92.5,96.2,92.9,103.2,89.2,92.9,106.8,93.8,106.8,93.8,103.9,93.6,110.2,94.2,98.1,95.1,97.8,85.0,98.9,97.9,92.3,82.5,86.7,70.6,99.0,97.3,101.4,88.7,98.1,100.3,91.7,94.8,91.6,94.7,98.1,101.9,98.3,100.4,107.8,111.3,101.1,105.0,108.5,112.1,93.5,97.3,96.0,90.9,92.3,94.5,92.5,94.7,98.8,104.4,82.1,84.7,90.0,94.4,92.1,97.5,89.0,93.4,96.6,105.1,96.8,109.5,96.3,102.3,106.2,104.2,93.0,98.5,99.0,103.9,88.6,94.6,85.8,89.5,91.8,95.9,91.2,94.0,91.4,95.5,92.4,96.4,81.8,85.3,86.0,91.7,85.5,94.3,80.7,81.5,90.0,89.1,114.7,119.7,128.1,135.5,90.0,92.4,104.1,113.3,105.5,102.1,86.0,91.3,130.0,120.9,93.6,98.5,151.7,117.3,160.6,165.1,176.4,180.7,185.0,190.7,153.9,158.1,95.0,100.7,95.6,101.7,92.2,95.6,85.8,90.3,73.0,68.9,63.5,63.8,72.4,74.3,61.1,61.0,120.4,93.5,127.2,90.1,102.0,106.3,NA,NA
2012-S2,92.0,93.1,96.0,97.7,96.4,97.7,97.9,100.2,93.8,95.6,96.0,97.9,95.3,97.6,94.9,98.5,94.2,98.0,94.2,98.0,93.6,97.4,91.3,95.0,105.1,108.4,97.4,97.5,98.1,97.4,112.8,114.6,118.1,119.0,111.2,113.3,100.6,105.7,85.5,94.2,106.0,108.9,114.4,120.8,112.3,118.2,101.2,104.8,99.4,109.1,92.1,95.8,111.5,97.2,111.5,97.2,106.6,95.4,117.1,99.4,104.7,102.4,110.2,98.3,106.3,104.4,102.6,93.9,91.6,76.4,105.4,104.5,116.2,104.4,102.9,104.9,103.5,105.9,103.5,105.9,115.1,118.1,102.6,104.5,106.7,109.4,112.1,115.7,106.0,108.6,99.9,103.8,104.1,99.4,99.8,102.2,99.6,101.8,127.4,134.0,96.6,99.5,97.3,101.3,104.3,109.2,124.4,128.6,111.6,120.9,103.8,115.6,116.7,123.8,121.3,117.3,89.1,93.5,79.3,82.5,96.1,101.2,117.8,120.1,96.5,99.8,102.7,104.9,104.3,107.2,104.3,107.2,104.5,107.8,86.9,91.9,87.2,95.2,86.2,87.3,86.4,86.0,99.5,104.1,102.4,108.6,93.7,96.0,129.4,132.7,111.0,106.4,87.1,91.5,138.0,130.9,104.2,108.8,160.3,122.0,160.6,164.1,170.5,173.7,139.6,143.3,164.0,167.3,105.0,110.5,103.5,109.6,104.2,106.8,124.1,128.9,81.4,75.9,70.3,70.2,83.6,84.8,65.7,65.5,136.1,103.4,147.2,102.1,104.5,108.0,NA,NA
2013-S1,88.3,88.8,91.1,91.7,91.4,91.8,92.9,93.8,88.2,88.7,90.7,91.2,90.5,91.5,92.7,94.3,92.7,94.5,92.7,94.5,92.6,94.3,91.2,92.9,99.3,100.6,89.7,89.5,90.5,89.8,94.5,95.6,93.0,93.2,94.8,96.3,94.7,97.4,98.8,99.1,97.3,97.2,104.8,109.5,102.3,106.3,89.2,91.5,94.7,103.2,92.7,94.6,107.0,95.9,107.0,95.9,104.7,95.9,109.5,96.1,94.8,92.6,93.1,85.1,94.9,93.4,89.1,83.9,83.7,71.6,95.7,94.4,96.0,88.1,95.6,96.7,91.2,92.9,91.0,92.7,94.1,96.3,95.7,96.9,101.1,102.9,95.2,97.4,101.7,103.5,91.9,94.5,94.1,90.5,92.3,93.7,92.7,94.0,105.0,109.0,80.0,82.1,87.0,89.4,90.0,92.9,85.9,88.0,95.3,101.3,98.4,107.9,93.0,97.0,98.6,95.1,90.9,94.3,96.5,99.5,87.3,90.9,84.0,84.1,90.3,92.9,90.6,92.2,91.7,93.7,92.9,94.8,79.9,81.9,85.7,89.9,88.2,94.9,83.6,84.3,79.9,79.6,108.7,111.2,119.3,122.5,89.7,92.1,97.8,98.2,99.2,96.3,85.5,89.0,114.1,111.4,85.6,88.1,140.6,111.9,111.0,113.1,105.0,106.8,142.4,145.7,111.1,113.3,92.2,94.1,92.4,94.4,91.7,93.6,87.1,89.1,78.8,74.4,68.8,68.6,90.5,91.7,60.5,60.2,129.9,103.2,140.8,103.7,99.0,101.2,NA,NA
2013-S2,93.6,94.0,97.9,98.4,98.3,98.6,99.8,100.6,95.5,96.0,98.0,98.5,97.5,98.4,98.5,99.7,97.9,99.1,97.9,99.1,97.5,98.7,96.6,97.8,102.2,103.3,97.8,97.8,98.6,98.1,113.1,114.0,118.6,118.7,111.6,112.7,102.1,104.3,91.1,94.7,104.9,104.2,114.0,117.7,109.0,112.3,102.7,104.4,101.4,107.3,97.2,98.6,113.6,102.0,113.6,102.0,109.9,100.6,117.7,103.7,102.1,101.1,106.8,100.6,102.6,101.6,101.4,99.3,93.1,83.1,102.5,102.2,110.7,104.5,100.5,101.7,105.1,106.7,105.1,106.7,109.7,112.4,100.3,101.4,104.2,105.6,107.0,108.7,103.8,105.3,100.6,103.3,104.9,102.3,97.0,98.2,96.4,97.6,126.7,129.2,90.7,93.3,100.0,102.3,104.6,106.8,124.5,124.9,108.9,114.0,104.0,111.4,112.1,115.7,115.0,111.5,91.0,93.7,82.0,84.3,97.0,99.9,117.2,116.1,97.9,100.2,104.4,105.7,107.3,109.4,107.5,109.6,104.9,107.0,91.4,95.2,91.2,97.3,90.1,91.3,91.9,91.7,97.9,100.4,99.3,102.3,94.4,96.1,111.8,112.3,102.7,100.0,87.5,90.7,127.3,124.7,93.6,95.9,138.6,110.9,104.5,105.7,99.2,100.0,152.2,156.6,103.2,104.3,103.9,105.9,102.4,104.3,104.5,106.5,124.6,127.4,84.7,80.6,76.7,76.6,94.5,95.4,69.8,69.7,125.0,100.0,132.9,98.4,103.2,105.3,NA,NA
2014-S1,90.5,90.6,93.0,93.0,93.3,93.0,94.7,94.9,90.3,90.2,92.7,92.7,92.8,93.0,95.2,95.6,95.3,95.7,95.4,95.6,95.2,95.5,94.8,95.1,97.0,97.4,91.0,90.8,91.6,91.0,94.8,95.4,93.4,93.5,95.3,95.9,96.0,97.4,106.7,109.3,94.3,93.8,108.7,110.9,103.1,105.5,92.5,93.0,94.3,98.7,93.2,94.0,104.4,95.7,104.4,95.7,102.2,95.1,107.0,96.5,93.8,92.6,89.8,86.2,93.5,92.7,89.4,88.0,90.6,83.7,94.1,93.3,89.8,86.2,95.1,95.7,94.6,95.6,94.4,95.4,94.0,95.6,95.3,95.9,100.2,101.0,95.0,96.3,100.7,101.5,93.6,96.5,93.6,92.0,92.1,92.9,92.6,93.3,89.4,90.4,80.0,82.2,87.9,89.0,91.9,93.0,84.0,83.0,93.9,96.8,95.8,100.7,92.3,94.2,95.1,95.3,97.0,98.9,107.7,109.7,90.0,91.9,82.2,82.0,93.3,95.1,94.3,95.1,94.6,96.0,96.0,97.5,79.4,80.3,91.6,94.6,93.1,97.9,92.8,93.6,87.3,86.9,110.8,111.9,119.8,121.2,92.8,94.8,89.7,90.6,90.1,88.0,92.7,95.4,91.7,92.1,66.7,67.5,107.7,88.8,107.4,108.1,91.0,91.6,96.0,96.4,110.8,111.6,95.1,95.9,95.8,96.7,91.8,92.9,91.1,92.2,80.0,76.8,74.3,74.1,93.2,94.0,66.8,66.7,108.7,89.9,113.1,87.5,96.2,97.8,NA,NA
2014-S2,95.1,95.4,99.2,99.5,99.5,99.6,100.9,101.3,96.5,97.0,99.0,99.5,98.9,99.5,99.8,100.4,99.1,99.8,99.1,99.8,98.8,99.6,98.3,98.9,101.7,102.4,99.4,99.3,99.8,99.5,113.0,113.4,116.2,116.6,112.0,112.4,101.5,102.9,87.6,94.7,101.0,100.5,115.4,117.5,110.8,112.4,102.4,102.6,100.1,103.3,98.0,98.7,109.3,102.1,109.3,102.1,107.6,101.8,111.2,102.6,101.7,102.3,108.2,106.5,101.8,101.9,101.8,102.5,102.1,98.1,101.7,102.5,111.4,109.8,99.8,100.6,105.0,105.4,105.0,105.5,109.3,111.1,99.4,100.3,98.0,98.6,101.7,102.6,97.6,98.1,101.0,102.3,107.0,106.3,99.1,100.0,99.0,99.8,113.5,114.7,90.5,92.6,101.5,102.3,104.2,105.6,120.0,120.6,108.1,110.9,104.4,108.2,110.6,112.7,107.7,108.9,92.5,93.7,83.2,84.4,98.7,99.9,118.5,117.5,100.8,101.5,104.7,104.9,105.2,106.2,105.1,106.1,106.2,107.1,98.4,99.5,97.4,99.1,99.7,100.4,100.6,100.4,97.1,98.7,95.9,97.7,99.5,100.7,110.3,112.0,97.2,95.6,93.6,95.8,105.1,104.0,83.2,83.7,118.5,102.5,101.5,101.5,108.1,107.9,99.0,99.0,99.6,99.8,105.9,107.8,105.3,107.5,100.6,101.6,118.1,119.6,86.6,83.9,80.2,80.2,96.0,96.3,74.1,74.3,118.7,102.3,124.1,101.5,103.8,105.1,NA,NA
2015-S1,96.8,96.8,95.7,95.7,95.7,95.7,96.5,96.5,95.3,95.4,95.4,95.4,95.6,95.7,97.0,96.9,97.3,97.2,97.3,97.2,97.4,97.3,97.5,97.4,97.0,96.8,94.6,94.6,94.7,94.8,91.8,92.0,91.2,91.2,92.1,92.3,96.3,96.3,106.5,105.8,95.6,95.7,95.5,96.1,96.7,96.7,93.2,93.1,95.8,97.0,97.7,97.5,97.9,96.9,97.9,96.9,98.0,97.3,97.9,96.5,95.7,95.7,90.7,90.4,96.3,96.5,91.3,92.0,95.4,94.1,95.9,96.0,89.5,89.1,97.2,97.5,94.6,95.1,94.6,95.0,93.2,93.8,97.4,97.7,99.6,99.7,95.1,95.2,100.3,100.4,96.8,97.1,93.1,92.9,96.5,96.9,96.9,97.3,89.7,90.3,91.4,92.4,93.6,94.0,94.7,95.1,81.6,81.9,92.5,93.3,95.2,96.2,90.3,90.9,91.5,91.0,103.3,103.9,111.8,112.4,97.9,98.5,82.6,82.8,96.5,96.7,94.3,94.7,96.1,96.5,96.4,96.9,93.8,94.0,97.0,97.1,98.2,98.4,94.4,94.5,94.3,93.8,105.6,105.6,110.0,109.9,97.1,97.1,92.3,93.0,97.0,96.7,99.2,99.7,92.5,92.7,94.5,95.0,96.0,92.5,99.3,99.8,103.2,103.6,108.8,109.2,96.7,97.2,95.6,95.7,96.7,96.7,94.3,94.9,81.0,81.2,89.1,88.9,87.4,87.7,97.2,97.6,83.7,83.8,97.6,94.8,98.5,94.3,95.6,95.8,NA,NA
2015-S2,103.2,103.2,104.3,104.3,104.3,104.3,103.5,103.5,104.7,104.6,104.6,104.6,104.4,104.3,103.0,103.1,102.7,102.8,102.7,102.8,102.6,102.7,102.5,102.6,103.0,103.2,105.4,105.4,105.3,105.2,108.2,108.0,108.8,108.8,107.9,107.7,103.7,103.7,93.5,94.2,104.4,104.3,104.5,103.9,103.3,103.3,106.8,106.9,104.2,103.0,102.3,102.5,102.1,103.1,102.1,103.1,102.0,102.7,102.1,103.5,104.3,104.3,109.3,109.6,103.7,103.5,108.7,108.0,104.6,105.9,104.1,104.0,110.5,110.9,102.8,102.5,105.4,104.9,105.4,105.0,106.8,106.2,102.6,102.3,100.4,100.3,104.9,104.8,99.7,99.6,103.2,102.9,106.9,107.1,103.5,103.1,103.1,102.7,110.3,109.7,108.6,107.6,106.4,106.0,105.3,104.9,118.4,118.1,107.5,106.7,104.8,103.8,109.7,109.1,108.5,109.0,96.7,96.1,88.2,87.6,102.1,101.5,117.4,117.2,103.5,103.3,105.7,105.3,103.9,103.5,103.6,103.1,106.2,106.0,103.0,102.9,101.8,101.6,105.6,105.5,105.7,106.2,94.4,94.4,90.0,90.1,102.9,102.9,107.7,107.0,103.0,103.3,100.8,100.3,107.5,107.3,105.5,105.0,104.0,107.5,100.7,100.2,96.8,96.4,91.2,90.8,103.3,102.8,104.4,104.3,103.3,103.3,105.7,105.1,119.0,118.8,110.9,111.1,112.6,112.3,102.8,102.4,116.3,116.2,102.4,105.2,101.5,105.7,104.4,104.2,NA,NA
2016-S1,101.4,101.1,99.0,98.8,98.9,98.9,98.4,98.2,98.9,98.5,98.8,98.5,99.2,98.8,98.7,98.3,99.2,98.7,99.2,98.7,99.3,98.8,99.9,99.5,96.5,96.2,98.9,98.9,98.7,99.0,91.3,91.0,90.1,90.0,91.8,91.4,98.7,97.7,110.3,106.2,95.9,95.9,99.1,96.5,97.6,97.3,97.0,96.5,98.0,95.6,100.0,99.6,95.0,101.4,95.0,101.4,95.8,100.6,94.2,102.3,98.0,97.8,91.3,92.1,97.2,96.7,89.7,88.3,90.3,93.9,98.6,98.4,92.0,92.7,100.0,99.5,93.1,92.9,93.9,93.7,91.6,90.2,100.4,99.9,102.8,102.6,100.4,100.1,103.1,102.9,102.3,101.1,94.4,94.8,99.2,98.4,100.5,99.7,86.5,85.7,91.1,89.3,86.1,85.2,96.0,94.8,79.6,78.3,94.0,91.9,97.9,95.1,90.9,89.3,88.6,87.6,106.3,104.8,118.5,116.0,98.7,97.9,82.9,84.2,98.9,98.6,91.8,91.7,102.9,102.5,99.4,99.1,127.8,126.4,101.6,101.1,102.8,101.9,99.9,100.5,98.8,99.5,107.5,106.9,110.9,109.8,100.5,101.1,87.5,83.8,100.6,102.4,102.1,100.7,96.1,95.0,104.6,103.2,92.8,106.9,108.8,108.7,110.8,110.6,143.2,142.9,105.2,105.2,96.6,95.4,99.0,97.6,91.9,91.1,75.2,75.3,103.4,104.9,106.8,106.4,100.7,100.5,109.0,108.5,87.2,98.8,83.1,100.4,96.5,95.6,NA,NA
2016-S2,106.9,106.0,107.0,106.3,106.9,106.2,105.7,104.9,107.5,106.8,107.4,106.6,107.3,106.4,105.1,104.3,104.8,103.9,104.8,103.9,104.7,103.9,105.0,104.0,103.9,103.4,108.6,107.9,108.2,107.8,110.2,109.4,111.2,110.9,109.7,108.8,105.6,104.1,98.1,95.0,105.2,104.6,112.6,108.3,104.5,103.8,109.2,108.1,104.3,100.1,103.9,103.2,102.0,105.1,102.0,105.1,100.1,102.1,103.9,108.2,104.8,104.8,108.9,111.4,106.2,104.9,106.8,106.7,102.8,107.7,104.6,104.5,110.9,113.6,103.5,102.7,107.3,106.0,108.3,107.0,107.8,105.4,103.4,102.7,101.2,100.8,108.2,107.7,100.3,99.8,107.9,107.0,105.0,106.0,104.3,103.1,104.2,103.0,107.5,105.6,101.5,98.7,106.4,104.5,108.1,105.7,116.3,112.9,106.1,102.7,103.3,98.8,108.3,105.9,103.4,103.6,104.3,102.0,100.5,98.1,106.6,104.4,114.0,114.0,107.2,105.9,107.3,106.0,112.4,111.4,107.1,106.4,157.5,154.2,107.2,106.1,105.6,103.8,106.7,107.0,111.5,112.2,98.0,97.5,92.7,91.5,108.6,109.5,110.8,106.2,106.5,105.5,102.6,100.2,108.2,103.0,121.8,119.0,99.4,106.1,109.1,107.7,123.6,122.0,99.0,96.8,102.1,100.9,108.7,106.9,106.3,104.5,109.8,108.1,137.5,135.8,116.9,117.2,121.3,120.4,105.7,104.5,127.4,126.7,95.0,100.5,91.3,99.7,103.7,102.2,NA,NA
2017-S1,106.7,104.9,103.6,102.0,103.6,102.0,102.4,100.7,103.5,102.0,103.5,101.9,103.7,102.0,102.6,100.4,102.9,100.6,102.9,100.6,103.2,100.9,104.0,101.6,99.9,98.1,104.1,103.0,104.0,103.0,95.9,95.0,98.1,97.6,94.8,93.7,100.1,97.7,111.6,104.3,97.7,96.1,100.2,94.0,96.9,95.9,99.2,97.9,99.1,93.6,101.0,98.5,102.3,102.3,102.3,102.3,99.5,98.8,105.2,105.9,99.9,100.0,96.8,100.1,101.6,99.3,94.8,95.0,91.4,97.8,100.5,100.4,98.6,102.1,100.8,99.7,101.4,100.3,102.2,101.1,97.3,95.0,101.0,100.0,104.5,103.6,99.7,98.7,105.2,104.2,102.3,101.4,97.1,98.6,98.7,97.2,100.1,98.6,89.3,87.2,88.8,86.0,84.4,82.5,101.1,97.7,76.3,73.1,92.0,88.0,96.7,90.4,88.0,85.8,89.0,87.9,119.3,115.7,137.0,132.0,107.4,104.8,82.8,80.7,104.0,102.3,101.6,100.6,105.4,103.7,101.5,100.0,136.0,132.7,104.8,103.1,105.8,103.2,101.5,100.4,102.4,103.3,111.5,108.8,113.7,109.3,105.9,106.6,90.5,85.4,107.5,104.3,104.5,101.1,95.2,89.7,123.0,119.8,100.8,101.6,102.6,101.8,110.2,109.5,137.6,135.8,94.9,94.1,99.8,96.3,102.6,98.7,90.2,88.9,85.9,83.2,113.5,113.0,116.7,115.7,109.2,108.4,119.6,118.5,99.2,99.7,100.8,102.0,96.8,94.7,NA,NA
2017-S2,111.4,109.1,111.2,109.1,111.0,109.0,109.0,106.9,111.7,109.7,111.5,109.5,111.3,109.2,109.1,105.9,108.6,105.2,108.6,105.2,108.8,105.5,109.0,105.4,108.1,105.9,112.9,111.7,112.6,111.5,112.4,110.7,119.5,118.5,109.6,107.6,106.4,103.0,100.2,97.3,107.2,103.4,114.1,106.5,104.7,103.2,109.6,107.6,103.2,95.2,106.8,103.8,106.6,106.9,106.6,106.9,102.9,102.2,110.2,111.4,107.0,107.7,115.1,121.5,108.6,106.5,113.6,116.8,105.9,117.3,106.5,106.7,117.6,123.8,104.4,103.2,112.3,110.6,113.2,111.5,106.6,103.6,104.4,103.3,102.3,101.2,109.7,108.7,101.3,100.2,109.2,107.5,108.5,111.2,104.9,103.1,105.0,103.4,103.9,101.4,99.8,96.9,104.0,101.2,110.7,106.3,111.7,107.5,104.6,98.0,101.1,92.9,107.6,102.3,107.1,104.9,111.6,107.9,105.8,101.4,116.0,112.6,110.0,105.4,110.6,108.5,113.4,111.8,113.7,111.3,108.7,106.4,153.1,149.5,110.4,108.3,109.1,106.1,110.7,109.7,114.4,114.8,101.7,99.7,94.1,90.8,118.0,118.5,106.1,100.5,109.5,106.0,103.8,99.6,103.1,97.8,130.3,126.4,103.4,104.3,98.6,97.5,111.0,109.8,109.7,107.4,91.5,90.5,110.9,106.8,109.1,104.9,113.8,111.0,124.9,120.1,127.1,126.6,132.0,131.0,114.8,113.3,138.7,137.9,101.6,102.3,102.3,104.0,101.3,98.7,NA,NA
2018-S1,110.4,107.3,106.9,104.1,107.0,104.1,105.5,102.4,106.7,104.0,106.6,103.9,107.1,104.2,107.2,102.5,107.8,102.8,107.8,102.8,108.3,103.3,109.4,104.0,103.7,100.3,106.4,104.9,106.5,105.0,95.2,93.7,102.9,102.2,92.1,90.3,103.3,98.3,109.1,100.4,100.0,95.6,107.3,99.4,100.5,98.2,103.7,99.9,101.1,91.7,105.1,100.5,109.6,106.2,109.6,106.2,104.9,101.1,113.7,110.9,100.6,101.3,98.0,105.9,103.7,101.2,96.6,102.9,100.5,111.7,100.8,100.8,97.5,105.1,101.3,99.6,99.8,98.6,100.6,99.3,95.0,91.9,101.6,100.0,106.5,104.6,105.8,104.2,106.7,104.7,103.2,101.3,95.1,97.9,98.6,96.5,100.4,98.4,77.3,75.0,91.5,88.1,79.2,77.0,104.6,100.1,73.3,70.1,91.5,85.0,95.7,86.1,87.6,83.7,87.5,88.1,129.2,124.4,149.0,142.5,115.8,112.2,79.3,75.1,106.0,103.4,100.6,99.7,101.3,98.9,97.4,95.1,131.6,128.7,109.5,106.7,110.9,107.2,105.8,104.3,105.5,105.5,114.4,109.9,115.5,108.7,110.7,111.0,86.0,81.7,109.4,103.8,106.3,102.1,90.7,85.6,132.3,128.4,99.4,93.8,101.4,100.6,126.8,125.6,124.6,123.2,89.8,89.1,104.5,98.5,109.1,102.4,86.5,84.5,81.0,77.0,119.2,118.3,123.3,122.8,111.5,110.5,127.9,127.5,98.5,92.8,99.7,93.1,96.1,92.5,NA,NA
2018-S2,114.3,110.5,114.0,110.7,114.2,110.7,111.5,107.9,114.1,111.2,114.0,110.9,114.0,110.8,111.9,107.0,111.5,106.3,111.5,106.3,111.8,106.7,112.6,107.2,108.7,104.9,115.8,113.6,116.0,113.5,113.2,110.9,128.7,127.2,107.6,105.0,109.0,103.2,103.0,96.2,105.9,101.1,119.2,110.0,102.8,99.9,115.2,110.1,106.0,94.6,110.7,106.0,121.3,110.4,121.3,110.4,110.3,101.4,129.8,117.9,107.1,108.5,116.4,128.3,111.5,108.1,116.1,124.3,111.5,129.5,106.4,106.7,117.3,128.9,104.2,102.1,109.4,107.4,110.5,108.4,104.8,101.0,104.3,102.3,104.3,102.1,112.1,110.7,103.2,100.8,107.9,106.0,110.7,115.2,103.0,100.2,103.7,100.9,99.3,96.4,95.2,89.5,96.5,94.0,114.3,108.1,108.9,102.2,104.8,96.1,102.2,90.5,107.1,101.0,104.7,104.9,122.1,116.9,124.2,118.7,121.2,116.1,102.5,96.3,112.7,109.2,110.9,109.1,109.4,106.4,103.8,101.0,154.6,150.0,115.1,111.7,114.4,109.8,115.0,113.2,117.4,117.2,103.4,99.8,97.3,91.7,116.9,117.4,103.9,97.3,115.0,106.0,108.5,103.9,98.8,93.3,136.7,133.0,111.5,94.6,106.7,105.3,107.4,106.4,120.5,117.7,101.7,100.4,108.4,102.3,108.3,101.7,111.7,108.4,107.9,102.8,135.9,133.5,140.5,139.6,119.7,117.9,148.6,148.1,112.9,96.9,119.6,97.4,100.3,96.3,NA,NA
2019-S1,114.5,110.0,110.6,107.1,110.8,107.1,108.4,104.5,110.2,106.9,109.9,106.6,110.6,107.1,109.1,103.9,109.6,104.0,109.6,104.0,110.2,104.7,111.7,105.9,102.9,98.8,111.4,109.1,111.5,109.1,96.6,94.4,112.7,111.2,91.0,88.6,104.7,97.9,115.4,105.3,102.1,96.4,99.4,89.5,96.6,92.8,103.8,99.0,102.3,89.9,111.0,105.4,115.3,109.1,115.3,109.1,105.9,99.8,122.8,116.8,103.4,104.3,99.0,111.9,108.4,105.2,99.1,108.6,100.0,119.3,103.7,103.3,98.4,110.6,104.5,101.4,101.7,99.5,102.4,100.2,95.4,90.1,105.0,102.0,111.5,107.1,108.6,107.3,111.9,107.1,106.0,103.6,98.4,103.0,100.7,97.6,102.8,99.7,78.1,75.8,82.0,77.0,80.9,78.9,113.5,106.8,73.8,68.0,91.5,82.5,98.2,85.0,85.9,80.3,79.0,76.1,142.7,136.0,169.3,160.8,124.2,118.6,95.4,90.2,110.0,106.1,102.4,100.4,103.8,101.2,100.4,98.1,130.1,125.2,114.9,110.8,117.3,111.7,110.7,109.5,108.5,108.1,117.7,110.8,118.4,108.5,116.6,115.9,83.5,78.0,114.9,107.7,112.5,107.9,95.2,90.4,135.9,132.3,104.8,94.5,101.0,99.3,102.2,100.6,88.9,86.8,97.2,95.5,106.4,99.2,110.6,102.5,92.7,89.0,81.7,77.8,129.7,127.9,134.0,133.1,117.7,116.0,140.3,139.8,108.8,98.1,116.2,102.2,94.9,90.5,NA,NA
2019-S2,120.0,114.9,118.8,114.6,118.8,114.6,115.3,110.8,119.0,115.1,118.5,114.6,118.9,114.7,114.9,108.7,114.6,108.0,114.6,107.9,115.0,108.5,116.3,109.4,108.8,104.0,121.7,119.1,121.6,118.9,114.8,111.5,139.1,137.0,106.6,102.9,111.5,103.4,105.1,96.6,110.0,100.6,111.8,99.5,102.9,98.0,115.6,109.8,107.2,92.5,119.6,113.1,121.0,114.3,121.0,114.3,110.5,103.8,129.2,122.8,111.3,113.3,118.7,137.9,119.1,116.4,128.9,147.9,107.8,133.5,110.2,110.4,117.0,134.5,108.9,105.4,109.7,105.8,110.9,106.9,106.1,99.5,109.1,105.7,107.7,103.2,116.6,115.3,106.5,101.5,115.8,112.3,113.4,119.4,108.8,104.8,109.7,105.7,100.8,97.4,98.1,91.9,101.7,98.7,121.2,113.0,111.5,101.3,103.5,92.2,102.0,86.6,104.5,96.7,113.1,110.1,134.5,127.7,139.5,132.3,132.1,125.5,111.8,105.2,117.9,113.1,110.8,106.9,111.5,107.9,105.4,102.1,160.7,153.8,122.1,117.1,121.8,115.2,120.7,119.8,123.0,122.1,109.2,103.6,101.1,93.6,125.7,123.9,112.5,105.0,125.9,118.2,113.9,108.6,103.7,99.5,181.8,176.4,113.0,103.6,125.3,121.2,166.6,161.7,83.9,79.7,111.8,108.0,113.1,104.5,113.7,104.3,112.9,107.3,111.1,105.8,146.6,144.9,153.1,152.2,125.7,122.3,163.7,163.8,110.1,100.5,117.3,105.4,96.5,91.4,NA,NA
2020-S1,111.7,106.1,115.3,110.1,115.1,110.0,110.1,104.6,114.0,109.0,114.0,108.9,115.3,110.0,117.2,108.7,119.1,109.9,119.2,109.9,120.6,111.5,122.7,113.0,111.3,104.7,112.6,110.1,112.4,110.0,78.3,75.9,105.9,104.2,69.5,66.8,107.3,97.2,132.4,114.3,106.3,93.0,102.5,89.8,80.1,75.4,102.9,96.4,102.8,86.9,127.8,118.2,108.9,108.8,108.9,108.8,107.9,105.6,110.6,112.4,105.0,105.9,92.4,108.9,107.8,105.6,109.2,126.3,96.8,122.6,104.8,103.8,85.6,99.5,108.2,104.1,70.1,68.4,70.7,69.0,87.8,82.2,109.1,105.1,126.9,121.0,117.5,116.2,128.1,121.5,112.8,109.1,100.2,105.5,96.7,92.8,98.4,94.3,80.3,77.4,79.6,74.3,81.5,78.9,115.4,106.9,64.2,58.1,81.6,71.5,85.0,70.5,78.6,72.1,76.3,72.3,157.2,147.4,222.3,207.4,111.0,104.8,77.0,72.9,102.8,98.3,68.7,67.2,75.2,73.2,72.4,70.6,97.1,93.4,122.0,115.9,128.0,120.1,108.7,107.4,106.8,105.1,123.0,114.3,121.6,110.4,127.1,124.0,68.4,63.0,108.2,104.9,94.0,89.3,79.8,76.6,144.6,139.9,113.4,117.1,106.8,104.5,134.7,131.8,83.6,81.6,97.5,95.3,120.3,107.8,129.1,114.5,87.5,84.0,69.3,65.8,154.4,153.6,162.7,161.5,130.6,127.9,175.1,174.6,106.0,106.0,111.9,116.3,94.2,87.6,NA,NA
2020-S2,129.5,122.3,128.5,122.4,128.2,122.2,121.1,114.5,128.9,122.8,128.6,122.5,128.9,122.5,123.1,113.6,123.6,113.5,123.6,113.5,124.6,114.6,126.5,116.0,115.4,108.3,131.9,128.4,131.2,127.9,107.6,103.3,142.0,138.8,96.4,91.7,116.6,104.8,118.4,105.7,113.4,98.0,134.1,117.2,86.6,80.9,120.9,112.6,112.4,92.5,134.5,124.4,116.0,116.6,116.0,116.6,116.3,113.3,116.8,120.2,124.1,125.1,121.4,143.3,124.8,121.4,130.0,152.1,97.6,125.7,124.2,123.1,122.7,142.6,124.6,118.9,92.1,88.8,93.3,89.9,113.6,105.4,125.3,119.7,125.0,118.4,138.7,136.9,123.2,115.9,136.1,130.8,132.4,138.6,123.2,116.8,124.7,118.2,109.4,104.4,91.8,84.4,116.8,112.2,132.5,120.4,106.8,95.0,97.4,83.4,92.7,74.8,101.2,90.6,101.2,94.2,162.7,150.2,196.9,180.8,138.2,128.2,107.6,99.6,116.5,110.7,91.1,88.1,97.1,93.4,91.1,87.6,145.6,139.3,129.7,122.4,131.5,122.7,132.8,123.9,122.8,120.4,116.4,107.2,105.0,93.4,138.5,134.3,112.1,101.3,129.0,126.0,122.0,113.9,107.9,99.7,171.8,164.9,113.8,128.9,123.9,120.3,132.6,129.9,108.8,104.8,116.1,112.6,110.0,98.5,115.0,102.0,106.0,100.8,69.7,65.4,184.3,182.8,198.5,195.5,149.6,145.1,217.5,215.1,92.4,99.4,87.3,103.3,99.7,92.1,NA,NA
2021-S1,104.4,97.6,118.3,111.5,118.3,111.4,109.1,101.6,100.8,95.4,116.7,110.2,118.6,111.8,118.7,108.4,121.8,110.7,121.9,110.7,123.1,112.1,125.8,114.2,109.4,101.6,115.5,111.7,115.6,111.5,69.8,67.1,100.2,98.4,60.2,57.2,110.7,98.3,133.7,114.4,104.0,89.5,112.5,98.0,72.5,66.8,109.6,101.6,105.8,86.3,136.0,124.0,120.4,108.9,120.4,108.9,114.5,103.0,125.8,114.4,92.8,92.8,74.7,90.1,107.0,102.4,85.2,100.6,83.4,112.1,93.4,91.4,68.6,80.5,98.1,93.2,51.8,49.9,52.9,50.9,77.1,71.8,98.9,94.1,115.0,108.3,132.2,130.2,112.9,105.4,95.6,92.4,102.3,107.6,86.5,81.6,87.4,82.4,65.3,62.2,71.1,65.2,84.0,80.8,109.6,99.4,56.6,50.9,72.7,62.0,81.3,65.1,62.3,56.8,61.6,59.5,155.3,141.8,232.9,210.7,103.9,96.2,52.3,50.2,100.8,94.9,49.6,47.9,60.8,59.0,55.9,54.2,100.8,97.7,129.2,121.6,137.8,128.3,121.5,114.1,109.6,107.2,140.2,125.9,141.3,121.7,139.6,135.5,67.2,61.0,124.8,116.6,109.5,103.1,88.8,80.3,189.3,181.8,114.2,106.0,108.0,104.6,106.4,102.5,94.2,91.0,99.1,96.0,126.2,111.3,136.2,119.0,69.7,66.4,67.2,63.3,188.8,186.3,203.7,201.5,171.2,167.0,216.3,214.9,93.4,84.9,88.4,80.7,99.5,91.2,117.8,110.2
2021-S2,113.7,104.4,131.2,122.3,131.4,122.2,124.1,114.6,111.9,104.9,129.6,121.1,131.2,122.5,121.6,109.7,121.7,109.2,121.7,109.1,122.3,110.0,125.6,112.5,104.4,95.8,138.1,131.6,138.3,131.2,112.4,106.2,147.3,141.7,101.2,94.8,117.9,103.8,117.1,102.1,111.2,93.9,137.1,118.1,89.0,80.7,125.2,115.5,113.6,91.1,134.3,121.1,142.8,118.8,142.8,118.8,124.8,105.1,157.0,130.0,121.0,120.0,116.5,136.5,133.0,125.2,129.4,147.1,105.0,136.1,120.5,117.2,114.5,132.5,121.6,113.8,102.5,98.3,104.0,99.8,109.2,100.4,122.3,114.6,121.9,112.5,137.2,133.5,119.8,109.6,141.4,134.0,128.4,134.3,120.6,112.2,121.6,113.0,119.4,111.7,89.9,82.1,119.9,113.9,134.9,120.4,108.6,95.6,97.2,82.0,97.0,76.5,99.5,88.5,100.6,97.5,167.0,150.6,186.6,165.6,149.2,136.3,113.1,104.3,130.1,121.8,102.6,98.4,108.1,104.8,100.3,97.4,170.8,164.7,141.3,132.0,143.7,133.5,131.1,121.4,130.1,124.9,123.3,110.7,109.3,93.6,150.7,144.4,129.6,116.1,142.6,127.9,125.3,118.0,111.2,96.0,198.4,188.6,141.2,114.5,116.9,112.1,66.4,64.0,46.5,44.2,133.1,127.6,112.2,98.4,115.6,100.1,125.0,118.3,83.8,77.5,190.9,183.9,202.1,196.7,165.8,159.8,216.3,211.2,121.9,99.1,131.3,101.7,104.7,94.8,130.4,117.1
2022-S1,129.6,113.6,129.4,115.2,129.9,115.1,123.8,108.9,127.7,114.2,127.1,113.6,129.1,115.5,123.4,105.6,124.3,105.7,124.3,105.7,125.4,106.8,130.2,110.6,98.2,85.4,133.0,122.0,133.7,121.4,100.9,92.2,132.7,123.2,90.6,82.3,115.3,96.8,140.2,112.7,105.9,83.2,123.8,101.9,82.0,70.8,118.4,106.8,109.9,85.3,134.6,114.2,153.4,108.6,153.4,108.6,127.4,94.2,174.4,120.7,117.3,110.6,98.5,113.1,132.3,118.8,112.4,123.5,109.3,137.5,117.2,108.3,90.7,103.1,122.3,108.9,91.6,87.1,93.0,88.5,104.1,92.6,123.4,109.9,132.8,115.2,143.2,135.2,131.3,112.8,131.4,119.8,119.9,122.9,115.9,103.3,117.6,104.7,91.8,83.6,82.0,72.3,109.9,101.1,133.5,115.8,59.9,52.1,87.5,71.5,95.6,73.1,79.1,68.7,89.3,83.0,189.1,165.0,253.9,218.0,141.1,125.6,82.7,74.3,127.6,116.4,90.1,85.9,102.2,97.6,95.0,90.8,160.9,152.3,142.1,129.7,146.1,134.1,131.3,121.2,123.2,114.2,143.5,121.0,143.4,115.8,146.5,133.4,112.6,98.1,145.5,119.0,123.1,115.3,116.7,96.5,206.4,190.4,145.3,83.5,113.3,108.4,57.6,54.6,26.9,25.5,132.7,127.1,125.2,103.2,132.7,108.1,96.4,89.7,83.9,74.5,180.7,166.3,187.7,178.1,157.2,149.9,199.6,189.0,141.9,87.5,157.2,80.8,109.8,95.4,138.3,113.2
2022-S2,139.7,116.6,138.7,116.9,139.2,116.9,132.1,110.0,137.8,116.6,137.0,115.8,138.1,117.2,133.0,104.9,132.8,103.8,132.7,103.8,134.1,104.9,140.3,109.2,98.1,79.6,142.8,126.1,143.6,125.8,119.5,104.1,156.9,139.9,107.4,92.5,121.8,95.5,121.9,95.8,118.8,84.6,145.5,108.3,92.8,72.1,131.3,112.1,116.6,88.1,135.6,104.5,164.1,116.4,164.1,116.4,140.2,103.0,181.5,126.7,121.3,110.6,117.0,131.8,137.9,120.0,134.1,145.3,114.9,141.3,120.2,107.0,111.1,124.2,122.5,103.7,110.9,102.3,112.7,103.9,123.5,106.5,122.7,103.8,124.9,101.7,141.2,129.5,122.5,98.1,132.9,116.0,131.5,130.1,119.0,101.4,119.7,101.6,119.7,104.9,102.0,88.4,117.5,104.2,141.2,118.9,93.8,79.9,104.7,83.2,104.5,77.7,106.5,89.0,106.1,99.0,179.4,151.5,201.2,168.7,162.4,137.8,115.1,102.3,136.6,120.6,109.2,101.0,123.8,115.0,115.1,107.0,194.5,179.3,148.1,130.9,146.0,131.1,129.9,116.8,150.4,130.4,126.2,101.9,108.9,85.5,158.5,133.1,135.7,113.7,149.4,115.2,120.7,109.7,129.7,103.6,213.3,190.4,160.8,80.9,118.2,109.5,73.3,67.9,35.4,32.6,135.8,125.9,119.2,91.9,123.2,92.9,117.2,105.7,86.5,74.8,197.9,173.9,204.3,186.9,163.4,150.0,220.4,201.3,163.2,88.3,198.1,88.8,110.2,89.8,145.9,114.7
2023-S1,140.5,113.6,133.9,109.9,134.1,109.9,128.8,104.0,134.8,110.5,132.5,108.5,133.8,110.2,132.5,99.7,133.2,99.2,133.1,99.1,135.0,100.7,141.4,104.8,97.1,75.7,134.5,117.5,134.9,117.1,105.0,89.5,141.5,123.0,93.4,78.9,117.8,87.2,135.6,96.3,110.7,76.8,66.4,45.7,92.6,67.0,122.7,99.5,114.7,82.2,136.9,99.7,146.5,107.2,146.4,107.2,126.6,94.3,159.9,117.3,115.0,102.8,100.8,116.7,136.2,117.6,113.7,126.6,110.6,142.8,114.7,99.4,93.6,106.4,118.8,97.7,99.8,93.2,100.8,93.9,105.9,87.4,119.8,98.5,126.4,102.5,132.5,119.6,125.6,100.6,127.2,107.0,122.3,119.6,113.4,92.0,115.4,93.1,89.8,76.4,86.6,74.8,105.0,91.7,139.4,116.5,60.4,50.1,92.2,70.6,99.5,71.1,84.9,69.4,99.2,93.7,195.8,165.1,250.1,208.7,155.3,132.3,95.0,83.7,132.0,114.9,96.3,89.7,117.0,111.6,110.4,106.5,171.9,155.5,144.7,125.0,143.7,126.8,130.5,116.8,142.4,117.8,145.9,109.8,140.6,104.6,158.4,122.3,124.4,99.7,147.0,119.8,124.1,111.3,121.2,98.3,226.3,198.5,137.8,91.5,120.6,111.7,100.9,92.8,28.4,26.1,135.7,125.9,128.1,92.9,136.6,96.5,96.2,88.2,81.9,67.2,179.6,158.5,188.3,170.0,160.0,148.1,198.5,177.6,132.0,82.1,142.2,83.7,106.1,82.6,140.9,110.0
2023-S2,146.3,116.5,140.7,114.6,141.0,114.5,134.8,107.9,142.0,115.5,139.5,113.3,140.8,114.9,138.7,103.4,138.9,102.3,138.8,102.2,140.5,103.7,147.2,108.0,101.8,78.7,142.2,123.2,142.6,122.7,117.8,99.3,159.8,137.3,103.7,86.5,124.8,90.8,123.5,89.3,118.4,80.7,71.3,48.8,101.3,71.4,134.6,105.7,120.9,84.4,144.7,104.7,155.4,111.5,155.4,111.5,134.5,98.1,169.6,122.2,116.3,104.8,115.1,134.0,142.1,122.6,135.6,153.6,117.4,152.7,114.4,99.5,107.0,122.0,116.5,95.2,110.7,101.9,111.2,102.2,115.7,93.9,116.7,95.5,117.4,94.8,128.4,114.9,115.7,92.2,133.4,110.8,134.4,131.1,112.7,90.6,113.0,90.2,103.4,87.0,93.2,79.8,119.0,102.9,145.1,120.4,91.9,74.8,106.4,79.5,107.2,74.6,107.2,84.9,115.9,110.5,183.9,154.3,210.2,175.8,163.7,137.8,128.2,113.4,140.4,120.5,107.3,98.9,125.4,117.2,118.7,112.0,183.1,164.3,153.9,130.6,150.4,130.3,136.0,121.2,160.1,130.2,129.7,96.3,109.5,81.1,167.2,125.5,152.2,122.1,149.8,119.1,126.1,110.4,129.3,103.8,216.1,187.8,148.6,96.3,134.0,122.6,146.8,133.3,35.3,32.2,146.2,134.0,124.4,90.6,130.5,92.5,114.8,104.0,81.5,66.2,193.0,168.5,203.0,181.3,165.3,150.7,218.3,193.8,137.5,83.7,148.3,85.0,110.2,84.5,141.6,110.9
2024-S1,143.4,113.2,135.7,109.4,135.9,109.3,131.0,103.8,NA,NA,NA,NA,NA,NA,135.9,100.1,137.0,99.7,137.0,99.7,138.9,101.3,NA,NA,NA,NA,135.0,116.2,135.4,115.8,103.5,87.2,NA,NA,NA,NA,121.3,86.9,135.5,96.2,110.4,75.1,67.6,46.2,94.1,65.7,123.1,94.8,118.4,80.6,147.1,105.5,147.8,106.5,NA,NA,NA,NA,NA,NA,110.6,99.3,99.0,117.8,NA,NA,109.1,127.4,113.0,150.5,110.0,95.3,91.7,106.0,113.9,93.1,NA,NA,100.0,90.6,110.0,90.0,NA,NA,123.9,99.6,NA,NA,NA,NA,123.8,102.8,121.8,119.4,105.6,85.1,NA,NA,NA,NA,NA,NA,NA,NA,137.9,114.0,61.8,49.1,91.9,66.8,NA,NA,NA,NA,100.0,93.2,192.9,161.4,NA,NA,NA,NA,93.7,85.0,137.0,116.0,95.4,86.5,115.4,106.4,NA,NA,NA,NA,153.4,128.7,152.2,129.9,135.5,120.9,152.4,122.9,147.6,108.1,NA,NA,NA,NA,130.4,103.5,149.0,118.6,NA,NA,NA,NA,NA,NA,NA,NA,133.2,119.8,NA,NA,NA,NA,NA,NA,134.1,96.1,144.1,100.9,91.2,82.0,83.7,67.5,178.2,155.7,188.1,167.8,NA,NA,NA,NA,123.1,76.6,NA,NA,NA,NA,139.1,108.7
2024-S2,149.3,117.8,146.3,117.9,146.3,117.7,138.0,109.0,NA,NA,NA,NA,NA,NA,143.1,104.6,143.3,103.2,143.3,103.2,145.2,104.8,NA,NA,NA,NA,148.5,128.1,148.5,127.5,119.9,100.6,NA,NA,NA,NA,127.6,90.4,121.5,86.3,117.8,79.9,69.6,47.7,100.0,69.1,136.0,102.9,123.4,82.5,154.3,109.5,151.0,112.4,NA,NA,NA,NA,NA,NA,114.6,105.4,115.1,139.8,NA,NA,130.1,156.8,122.1,168.4,112.8,99.5,107.8,126.3,114.1,94.2,NA,NA,110.6,99.5,108.3,89.5,NA,NA,116.6,94.4,NA,NA,NA,NA,127.2,106.2,146.4,144.8,107.9,87.7,NA,NA,NA,NA,NA,NA,NA,NA,136.8,112.1,92.8,73.1,102.4,73.7,NA,NA,NA,NA,112.4,105.1,171.3,142.6,NA,NA,NA,NA,118.0,105.4,146.9,123.2,107.8,96.9,122.3,112.2,NA,NA,NA,NA,164.9,136.5,161.0,135.4,142.6,126.9,173.2,138.5,128.0,93.5,NA,NA,NA,NA,157.7,124.3,154.8,122.7,NA,NA,NA,NA,NA,NA,NA,NA,136.6,121.7,NA,NA,NA,NA,NA,NA,129.4,92.5,137.8,96.1,104.0,93.8,78.0,63.3,213.6,187.1,227.3,202.6,NA,NA,NA,NA,136.5,86.6,NA,NA,NA,NA,142.0,111.5
